id;pesid;data_inversa;dia_semana;horario;uf;br;km;municipio;causa_acidente;tipo_acidente;classificacao_acidente;fase_dia;sentido_via;condicao_metereologica;tipo_pista;tracado_via;uso_solo;id_veiculo;tipo_veiculo;marca;ano_fabricacao_veiculo;tipo_envolvido;estado_fisico;idade;sexo;ilesos;feridos_leves;feridos_graves;mortos;latitude;longitude;regional;delegacia;uop
153255;0;15/08/2018;quarta-feira;15:35:00;MG;365;580,2;INDIANOPOLIS;Velocidade Incompatível;Colisão frontal;Com Vítimas Feridas;Pleno dia;Crescente;Sol;Simples;"Reta;Aclive";Não;273931;Semireboque;SR/RANDON SR CA;2017;NA;NA;0;NA;0;0;0;0;-18,87997559;-47,93609619;SPRF-MG;DEL15-MG;UOP02-DEL15-MG
153255;0;15/08/2018;quarta-feira;15:35:00;MG;365;580,2;INDIANOPOLIS;Velocidade Incompatível;Colisão frontal;Com Vítimas Feridas;Pleno dia;Crescente;Sol;Simples;"Reta;Aclive";Não;273949;Semireboque;SR/RANDON SR CA;2004;NA;NA;0;NA;0;0;0;0;-18,87997559;-47,93609619;SPRF-MG;DEL15-MG;UOP02-DEL15-MG
153255;0;15/08/2018;quarta-feira;15:35:00;MG;365;580,2;INDIANOPOLIS;Velocidade Incompatível;Colisão frontal;Com Vítimas Feridas;Pleno dia;Crescente;Sol;Simples;"Reta;Aclive";Não;273950;Semireboque;SR/RANDON SR CA;2004;NA;NA;0;NA;0;0;0;0;-18,87997559;-47,93609619;SPRF-MG;DEL15-MG;UOP02-DEL15-MG
153255;0;15/08/2018;quarta-feira;15:35:00;MG;365;580,2;INDIANOPOLIS;Velocidade Incompatível;Colisão frontal;Com Vítimas Feridas;Pleno dia;Crescente;Sol;Simples;"Reta;Aclive";Não;273937;Semireboque;SR/RODOTECNICA TQ AP 3B1;2015;NA;NA;0;NA;0;0;0;0;-18,87997559;-47,93609619;SPRF-MG;DEL15-MG;UOP02-DEL15-MG
153255;0;15/08/2018;quarta-feira;15:35:00;MG;365;580,2;INDIANOPOLIS;Velocidade Incompatível;Colisão frontal;Com Vítimas Feridas;Pleno dia;Crescente;Sol;Simples;"Reta;Aclive";Não;273940;Semireboque;SR/RODOTECNICA TQ AP 3E;2015;NA;NA;0;NA;0;0;0;0;-18,87997559;-47,93609619;SPRF-MG;DEL15-MG;UOP02-DEL15-MG
154470;0;21/08/2018;terça-feira;14:20:00;MG;365;523,2;MONTE CARMELO;Desobediência às normas de trânsito pelo condutor;Colisão transversal;Com Vítimas Feridas;Pleno dia;Crescente;Sol;Simples;Interseção de Vias;Não;274350;Semireboque;SR/SCHIFFER SSC2ECA TRAS;2014;NA;NA;0;NA;0;0;0;0;-18,913334;-47,419724;SPRF-MG;DEL10-MG;UOP01-DEL10-MG
154470;0;21/08/2018;terça-feira;14:20:00;MG;365;523,2;MONTE CARMELO;Desobediência às normas de trânsito pelo condutor;Colisão transversal;Com Vítimas Feridas;Pleno dia;Crescente;Sol;Simples;Interseção de Vias;Não;274351;Semireboque;SR/SCHIFFER SSC2ECA DIAN;2014;NA;NA;0;NA;0;0;0;0;-18,913334;-47,419724;SPRF-MG;DEL10-MG;UOP01-DEL10-MG
154482;0;21/08/2018;terça-feira;15:50:00;MG;365;618,8;UBERLANDIA;Não guardar distância de segurança;Colisão lateral;Sem Vítimas;Pleno dia;Crescente;Sol;Dupla;"Aclive;Reta";Sim;275521;Semireboque;SR/RANDON SRFG CG;2017;NA;NA;0;NA;0;0;0;0;-18,89015642;-48,25690717;SPRF-MG;DEL15-MG;UOP01-DEL15-MG
154526;0;21/08/2018;terça-feira;23:00:00;MG;365;534;MONTE CARMELO;Condutor Dormindo;Saída de leito carroçável;Com Vítimas Feridas;Plena Noite;Decrescente;Céu Claro;Simples;Reta;Não;274447;Semireboque;SR/GUERRA AG FG;2007;NA;NA;0;NA;0;0;0;0;-18,926666;-47,515835;SPRF-MG;DEL10-MG;UOP01-DEL10-MG
154569;0;22/08/2018;quarta-feira;07:40:00;MG;365;471;PATROCINIO;Sinalização da via insuficiente ou inadequada;Tombamento;Com Vítimas Feridas;Pleno dia;Decrescente;Céu Claro;Simples;Declive;Não;274594;Semireboque;SR/RANDON;1988;NA;NA;0;NA;0;0;0;0;-18,92027263;-46,98168039;SPRF-MG;DEL10-MG;UOP01-DEL10-MG
157004;0;03/09/2018;segunda-feira;07:40:00;MG;365;621;UBERLANDIA;Velocidade Incompatível;Colisão traseira;Com Vítimas Feridas;Amanhecer;Decrescente;Céu Claro;Dupla;Reta;Sim;278843;Semireboque;SR/NOMA SRT3E27 CL;2015;NA;NA;0;NA;0;0;0;0;-18,88791396;-48,26828577;SPRF-MG;DEL15-MG;UOP01-DEL15-MG
157354;0;04/09/2018;terça-feira;17:50:00;MG;365;656;MONTE ALEGRE DE MINAS;Velocidade Incompatível;Tombamento;Com Vítimas Feridas;Anoitecer;Crescente;Céu Claro;Dupla;Curva;Não;280395;Semireboque;SR/RANDON;1987;NA;NA;0;NA;0;0;0;0;-18,86465612;-48,5894233;SPRF-MG;DEL15-MG;UOP01-DEL15-MG
159405;0;14/09/2018;sexta-feira;12:40:00;MG;365;741,8;ITUIUTABA;Pista Escorregadia;Colisão lateral;Com Vítimas Fatais;Pleno dia;Decrescente;Nublado;Simples;Reta;Não;283569;Semireboque;SR/RODOTECNICA SRT TQ2;2010;NA;NA;0;NA;0;0;0;0;-18,91172681;-49,36428666;SPRF-MG;DEL15-MG;UOP03-DEL15-MG
159405;0;14/09/2018;sexta-feira;12:40:00;MG;365;741,8;ITUIUTABA;Pista Escorregadia;Colisão lateral;Com Vítimas Fatais;Pleno dia;Decrescente;Nublado;Simples;Reta;Não;283568;Semireboque;SR/RODOTECNICA SRT TQ2;2010;NA;NA;0;NA;0;0;0;0;-18,91172681;-49,36428666;SPRF-MG;DEL15-MG;UOP03-DEL15-MG
159455;0;14/09/2018;sexta-feira;15:20:00;MG;365;614;UBERLANDIA;Pista Escorregadia;Danos eventuais;Sem Vítimas;Pleno dia;Crescente;Chuva;Simples;Reta;Não;283486;Reboque;REB/GUERRA;2011;NA;NA;0;NA;0;0;0;0;-18,91214295;-48,22004825;SPRF-MG;DEL15-MG;UOP01-DEL15-MG
159584;0;15/09/2018;sábado;06:30:00;MG;365;720;MONTE ALEGRE DE MINAS;Pista Escorregadia;Colisão transversal;Com Vítimas Feridas;Amanhecer;Decrescente;Nublado;Simples;Reta;Não;284477;Semireboque;SR/RODOVIA CFCS SR2E;2013;NA;NA;0;NA;0;0;0;0;-18,88030044;-49,13566589;SPRF-MG;DEL15-MG;UOP03-DEL15-MG
160194;0;17/09/2018;segunda-feira;22:30:00;MG;365;621;UBERLANDIA;Falta de Atenção à Condução;Colisão lateral;Com Vítimas Feridas;Plena Noite;Decrescente;Céu Claro;Dupla;Aclive;Sim;285825;Semireboque;SR/PASTRE SRBA 2EDT;2007;NA;NA;0;NA;0;0;0;0;-18,8974;-48,2715;SPRF-MG;DEL15-MG;UOP01-DEL15-MG
160194;0;17/09/2018;segunda-feira;22:30:00;MG;365;621;UBERLANDIA;Falta de Atenção à Condução;Colisão lateral;Com Vítimas Feridas;Plena Noite;Decrescente;Céu Claro;Dupla;Aclive;Sim;285826;Semireboque;SR/PASTRE SRBA 2E;2007;NA;NA;0;NA;0;0;0;0;-18,8974;-48,2715;SPRF-MG;DEL15-MG;UOP01-DEL15-MG
163273;0;04/10/2018;quinta-feira;13:50:00;MG;365;488,2;PATROCINIO;Condutor Dormindo;Colisão frontal;Com Vítimas Feridas;Pleno dia;Crescente;Nublado;Simples;Reta;Não;290362;Semireboque;SR/RANDON SR CA;2004;NA;NA;0;NA;0;0;0;0;-18,898611;-47,122776;SPRF-MG;DEL10-MG;UOP01-DEL10-MG
163351;0;04/10/2018;quinta-feira;19:00:00;MG;365;631,1;UBERLANDIA;Falta de Atenção à Condução;Colisão lateral;Com Vítimas Feridas;Plena Noite;Crescente;Céu Claro;Dupla;Retorno Regulamentado;Sim;291635;Semireboque;SR/LIBRELATO SRTQEN 2E;2012;NA;NA;0;NA;0;0;0;0;-18,9308928;-48,2369536;SPRF-MG;DEL15-MG;UOP01-DEL15-MG
163351;0;04/10/2018;quinta-feira;19:00:00;MG;365;631,1;UBERLANDIA;Falta de Atenção à Condução;Colisão lateral;Com Vítimas Feridas;Plena Noite;Crescente;Céu Claro;Dupla;Retorno Regulamentado;Sim;291637;Semireboque;SR/LIBRELATO SRTQEN 2E;2012;NA;NA;0;NA;0;0;0;0;-18,9308928;-48,2369536;SPRF-MG;DEL15-MG;UOP01-DEL15-MG
165492;0;14/10/2018;domingo;19:15:00;MG;365;619;UBERLANDIA;Falta de Atenção à Condução;Engavetamento;Sem Vítimas;Plena Noite;Crescente;Céu Claro;Dupla;Reta;Sim;294117;Semireboque;SR/RANDON SR CA;2001;NA;NA;0;NA;0;0;0;0;-18,8902081;-48,25744629;SPRF-MG;DEL15-MG;UOP01-DEL15-MG
165938;0;17/10/2018;quarta-feira;02:45:00;MG;365;642,7;UBERLANDIA;Condutor Dormindo;Saída de leito carroçável;Com Vítimas Feridas;Plena Noite;Decrescente;Chuva;Dupla;Reta;Não;294948;Semireboque;SR/GUERRA AG GR;2009;NA;NA;0;NA;0;0;0;0;-18,88595546;-48,4624958;SPRF-MG;DEL15-MG;UOP01-DEL15-MG
165938;0;17/10/2018;quarta-feira;02:45:00;MG;365;642,7;UBERLANDIA;Condutor Dormindo;Saída de leito carroçável;Com Vítimas Feridas;Plena Noite;Decrescente;Chuva;Dupla;Reta;Não;294947;Semireboque;SR/GUERRA AG GR;2009;NA;NA;0;NA;0;0;0;0;-18,88595546;-48,4624958;SPRF-MG;DEL15-MG;UOP01-DEL15-MG
167317;0;24/10/2018;quarta-feira;04:40:00;MG;365;691,8;MONTE ALEGRE DE MINAS;Defeito na Via;Tombamento;Com Vítimas Feridas;Plena Noite;Crescente;Céu Claro;Simples;Curva;Sim;298627;Semireboque;SR/SCHIFFER SSC2ECA DIAN;2002;NA;NA;0;NA;0;0;0;0;-18,8763;-48,8955;SPRF-MG;DEL15-MG;UOP03-DEL15-MG
167317;0;24/10/2018;quarta-feira;04:40:00;MG;365;691,8;MONTE ALEGRE DE MINAS;Defeito na Via;Tombamento;Com Vítimas Feridas;Plena Noite;Crescente;Céu Claro;Simples;Curva;Sim;298626;Semireboque;SR/SCHIFFER SSC2ECA TRAS;2002;NA;NA;0;NA;0;0;0;0;-18,8763;-48,8955;SPRF-MG;DEL15-MG;UOP03-DEL15-MG
167420;0;24/10/2018;quarta-feira;16:30:00;MG;365;713;MONTE ALEGRE DE MINAS;Falta de Atenção à Condução;Saída de leito carroçável;Com Vítimas Feridas;Pleno dia;Crescente;Chuva;Simples;Reta;Não;298232;Semireboque;REB/ROSSETTI SRBA ST3.25;2004;NA;NA;0;NA;0;0;0;0;-18,87944;-49,09551;SPRF-MG;DEL15-MG;UOP03-DEL15-MG
170140;0;07/11/2018;quarta-feira;02:00:00;MG;365;720;MONTE ALEGRE DE MINAS;Defeito Mecânico no Veículo;Derramamento de carga;Sem Vítimas;Plena Noite;Decrescente;Céu Claro;Simples;Declive;Não;306803;Semireboque;SR/RANDON SR CA;2013;NA;NA;0;NA;0;0;0;0;-18,88257439;-49,02099609;SPRF-MG;DEL15-MG;UOP03-DEL15-MG
171557;0;14/11/2018;quarta-feira;16:15:00;MG;365;581;INDIANOPOLIS;Falta de Atenção à Condução;Colisão transversal;Com Vítimas Feridas;Pleno dia;Crescente;Nublado;Simples;Interseção de Vias;Não;304998;Semireboque;SR/GUERRA AG CS;2006;NA;NA;0;NA;0;0;0;0;-18,87721433;-47,94570923;SPRF-MG;DEL15-MG;UOP02-DEL15-MG
171557;0;14/11/2018;quarta-feira;16:15:00;MG;365;581;INDIANOPOLIS;Falta de Atenção à Condução;Colisão transversal;Com Vítimas Feridas;Pleno dia;Crescente;Nublado;Simples;Interseção de Vias;Não;305011;Semireboque;SR/GUERRA AG BS;2016;NA;NA;0;NA;0;0;0;0;-18,87721433;-47,94570923;SPRF-MG;DEL15-MG;UOP02-DEL15-MG
171557;0;14/11/2018;quarta-feira;16:15:00;MG;365;581;INDIANOPOLIS;Falta de Atenção à Condução;Colisão transversal;Com Vítimas Feridas;Pleno dia;Crescente;Nublado;Simples;Interseção de Vias;Não;305012;Semireboque;SR/GUERRA AG BS;2016;NA;NA;0;NA;0;0;0;0;-18,87721433;-47,94570923;SPRF-MG;DEL15-MG;UOP02-DEL15-MG
172391;0;18/11/2018;domingo;13:40:00;MG;365;675;MONTE ALEGRE DE MINAS;Pista Escorregadia;Capotamento;Com Vítimas Feridas;Pleno dia;Crescente;Chuva;Dupla;Reta;Não;306432;Semireboque;SR/RODOFORTSA SRFG SI 3E;2011;NA;NA;0;NA;0;0;0;0;-18,884;-48,7362;SPRF-MG;DEL15-MG;UOP01-DEL15-MG
174608;0;28/11/2018;quarta-feira;18:25:00;MG;365;620;UBERLANDIA;Não guardar distância de segurança;Colisão traseira;Sem Vítimas;Pleno dia;Crescente;Sol;Dupla;Curva;Sim;311019;Semireboque;SR/RANDON SR CA;2003;NA;NA;0;NA;0;0;0;0;-18,89042912;-48,27040765;SPRF-MG;DEL15-MG;UOP01-DEL15-MG
174608;0;28/11/2018;quarta-feira;18:25:00;MG;365;620;UBERLANDIA;Não guardar distância de segurança;Colisão traseira;Sem Vítimas;Pleno dia;Crescente;Sol;Dupla;Curva;Sim;311021;Semireboque;SR/RANDON SR CA;2004;NA;NA;0;NA;0;0;0;0;-18,89042912;-48,27040765;SPRF-MG;DEL15-MG;UOP01-DEL15-MG
175420;0;02/12/2018;domingo;11:10:00;MG;365;451,7;PATROCINIO;Desobediência às normas de trânsito pelo condutor;Colisão lateral;Com Vítimas Feridas;Pleno dia;Crescente;Chuva;Simples;Reta;Não;312427;Semireboque;SR/BONANO SRF3MN TE;2005;NA;NA;0;NA;0;0;0;0;-18,832;-46,822;SPRF-MG;DEL10-MG;UOP01-DEL10-MG
175862;0;04/12/2018;terça-feira;17:35:00;MG;365;592,9;UBERLANDIA;Velocidade Incompatível;Engavetamento;Com Vítimas Fatais;Pleno dia;Crescente;Céu Claro;Simples;Curva;Não;313381;Semireboque;REB/FACCHINI-IR RER FR;1995;NA;NA;0;NA;0;0;0;0;-18,88145265;-48,05597484;SPRF-MG;DEL15-MG;UOP02-DEL15-MG
176842;0;09/12/2018;domingo;07:00:00;MG;365;567;INDIANOPOLIS;Desobediência às normas de trânsito pelo condutor;Colisão frontal;Com Vítimas Feridas;Pleno dia;Decrescente;Céu Claro;Simples;Reta;Não;316396;Semireboque;SR/GUERRA AG GR;2014;NA;NA;0;NA;0;0;0;0;-18,9168574;-47,83945084;SPRF-MG;DEL15-MG;UOP02-DEL15-MG
176842;0;09/12/2018;domingo;07:00:00;MG;365;567;INDIANOPOLIS;Desobediência às normas de trânsito pelo condutor;Colisão frontal;Com Vítimas Feridas;Pleno dia;Decrescente;Céu Claro;Simples;Reta;Não;316397;Semireboque;SR/GUERRA AG GR;2014;NA;NA;0;NA;0;0;0;0;-18,9168574;-47,83945084;SPRF-MG;DEL15-MG;UOP02-DEL15-MG
177682;0;12/12/2018;quarta-feira;20:00:00;MG;365;595;UBERLANDIA;Falta de Atenção à Condução;Colisão traseira;Com Vítimas Feridas;Anoitecer;Crescente;Nublado;Simples;Reta;Não;316685;Semireboque;SR/GOTTI SRTQL2E 092;2004;NA;NA;0;NA;0;0;0;0;-18,89784147;-48,27083588;SPRF-MG;DEL15-MG;UOP02-DEL15-MG
177682;0;12/12/2018;quarta-feira;20:00:00;MG;365;595;UBERLANDIA;Falta de Atenção à Condução;Colisão traseira;Com Vítimas Feridas;Anoitecer;Crescente;Nublado;Simples;Reta;Não;316686;Semireboque;SR/GOTTI SRTQL2E 095D;2004;NA;NA;0;NA;0;0;0;0;-18,89784147;-48,27083588;SPRF-MG;DEL15-MG;UOP02-DEL15-MG
177682;0;12/12/2018;quarta-feira;20:00:00;MG;365;595;UBERLANDIA;Falta de Atenção à Condução;Colisão traseira;Com Vítimas Feridas;Anoitecer;Crescente;Nublado;Simples;Reta;Não;316684;Semireboque;SR/FACCHINI SRF CAED;2011;NA;NA;0;NA;0;0;0;0;-18,89784147;-48,27083588;SPRF-MG;DEL15-MG;UOP02-DEL15-MG
177944;0;14/12/2018;sexta-feira;00:15:00;MG;365;644;UBERLANDIA;Falta de Atenção à Condução;Colisão traseira;Sem Vítimas;Plena Noite;Decrescente;Céu Claro;Dupla;Retorno Regulamentado;Não;317158;Semireboque;REB/RANDON SR GR TR;1996;NA;NA;0;NA;0;0;0;0;-18,8871;-48,4551;SPRF-MG;DEL15-MG;UOP01-DEL15-MG
179662;0;21/12/2018;sexta-feira;05:40:00;MG;365;493;PATROCINIO;Ultrapassagem Indevida;Colisão frontal;Com Vítimas Feridas;Amanhecer;Crescente;Céu Claro;Simples;Reta;Não;322005;Semireboque;R/RANDON SR BA;1999;NA;NA;0;NA;0;0;0;0;-18,90541;-47,17399;SPRF-MG;DEL10-MG;UOP01-DEL10-MG
179662;0;21/12/2018;sexta-feira;05:40:00;MG;365;493;PATROCINIO;Ultrapassagem Indevida;Colisão frontal;Com Vítimas Feridas;Amanhecer;Crescente;Céu Claro;Simples;Reta;Não;322010;Semireboque;SR/RANDON SR CA;2010;NA;NA;0;NA;0;0;0;0;-18,90541;-47,17399;SPRF-MG;DEL10-MG;UOP01-DEL10-MG
179662;0;21/12/2018;sexta-feira;05:40:00;MG;365;493;PATROCINIO;Ultrapassagem Indevida;Colisão frontal;Com Vítimas Feridas;Amanhecer;Crescente;Céu Claro;Simples;Reta;Não;322009;Semireboque;SR/RANDON SR CA;2010;NA;NA;0;NA;0;0;0;0;-18,90541;-47,17399;SPRF-MG;DEL10-MG;UOP01-DEL10-MG
179860;0;21/12/2018;sexta-feira;11:45:00;MG;365;624,8;UBERLANDIA;Defeito Mecânico no Veículo;Danos eventuais;Sem Vítimas;Pleno dia;Decrescente;Céu Claro;Dupla;"Aclive;Curva";Sim;320898;Semireboque;SR/RANDON SR CA;2001;NA;NA;0;NA;0;0;0;0;-18,903;-48,2787;SPRF-MG;DEL15-MG;UOP01-DEL15-MG
179860;0;21/12/2018;sexta-feira;11:45:00;MG;365;624,8;UBERLANDIA;Defeito Mecânico no Veículo;Danos eventuais;Sem Vítimas;Pleno dia;Decrescente;Céu Claro;Dupla;"Aclive;Curva";Sim;322521;Semireboque;SR/RANDON SR CA;2001;NA;NA;0;NA;0;0;0;0;-18,903;-48,2787;SPRF-MG;DEL15-MG;UOP01-DEL15-MG
342358;0;23/12/2018;domingo;09:30:00;MG;365;634;UBERLANDIA;Falta de Atenção à Condução;Colisão traseira;Com Vítimas Feridas;Pleno dia;Decrescente;Sol;Dupla;Reta;Não;614718;Semireboque;SR/RANDON SR CA;2013;NA;NA;0;NA;0;0;0;0;-18,9007;-48,3614;SPRF-MG;DEL15-MG;UOP01-DEL15-MG
100199;216783;01/01/2018;segunda-feira;22:30:00;MG;365;655,8;UBERLANDIA;Falta de Atenção à Condução;Tombamento;Com Vítimas Feridas;Plena Noite;Decrescente;Nublado;Dupla;"Curva;Desvio Temporário;Em Obras";Não;177985;Motocicleta;YAMAHA/MT09 ABS;2015;Condutor;Lesões Leves;53;Masculino;0;1;0;0;-18,86442675;-48,58557433;SPRF-MG;DEL15-MG;UOP01-DEL15-MG
100199;216784;01/01/2018;segunda-feira;22:30:00;MG;365;655,8;UBERLANDIA;Falta de Atenção à Condução;Tombamento;Com Vítimas Feridas;Plena Noite;Decrescente;Nublado;Dupla;"Curva;Desvio Temporário;Em Obras";Não;177985;Motocicleta;YAMAHA/MT09 ABS;2015;Passageiro;Lesões Graves;62;Feminino;0;0;1;0;-18,86442675;-48,58557433;SPRF-MG;DEL15-MG;UOP01-DEL15-MG
100240;217218;02/01/2018;terça-feira;06:45:00;MG;365;642;UBERLANDIA;Pista Escorregadia;Saída de leito carroçável;Sem Vítimas;Pleno dia;Decrescente;Chuva;Dupla;"Reta;Declive";Não;178080;Automóvel;FIAT/SIENA ATTRACTIV 1.4;2015;Condutor;Ileso;55;Masculino;1;0;0;0;-18,8896844;-48,43836576;SPRF-MG;DEL15-MG;UOP01-DEL15-MG
100240;217220;02/01/2018;terça-feira;06:45:00;MG;365;642;UBERLANDIA;Pista Escorregadia;Saída de leito carroçável;Sem Vítimas;Pleno dia;Decrescente;Chuva;Dupla;"Reta;Declive";Não;178080;Automóvel;FIAT/SIENA ATTRACTIV 1.4;2015;Passageiro;Ileso;47;Feminino;1;0;0;0;-18,8896844;-48,43836576;SPRF-MG;DEL15-MG;UOP01-DEL15-MG
100240;217224;02/01/2018;terça-feira;06:45:00;MG;365;642;UBERLANDIA;Pista Escorregadia;Saída de leito carroçável;Sem Vítimas;Pleno dia;Decrescente;Chuva;Dupla;"Reta;Declive";Não;178080;Automóvel;FIAT/SIENA ATTRACTIV 1.4;2015;Passageiro;Ileso;37;Feminino;1;0;0;0;-18,8896844;-48,43836576;SPRF-MG;DEL15-MG;UOP01-DEL15-MG
100257;224311;02/01/2018;terça-feira;07:36:00;MG;365;625;UBERLANDIA;Falta de Atenção à Condução;Engavetamento;Com Vítimas Feridas;Pleno dia;Decrescente;Nublado;Dupla;Reta;Sim;178093;Automóvel;VW/GOL 1.0 GIV;2010;Condutor;Ileso;22;Masculino;1;0;0;0;-18,90616739;-48,32302094;SPRF-MG;DEL15-MG;UOP01-DEL15-MG
100257;224312;02/01/2018;terça-feira;07:36:00;MG;365;625;UBERLANDIA;Falta de Atenção à Condução;Engavetamento;Com Vítimas Feridas;Pleno dia;Decrescente;Nublado;Dupla;Reta;Sim;178094;Automóvel;FIAT/UNO MILLE FIRE;2003;Condutor;Ileso;24;Masculino;1;0;0;0;-18,90616739;-48,32302094;SPRF-MG;DEL15-MG;UOP01-DEL15-MG
100257;222129;02/01/2018;terça-feira;07:36:00;MG;365;625;UBERLANDIA;Falta de Atenção à Condução;Engavetamento;Com Vítimas Feridas;Pleno dia;Decrescente;Nublado;Dupla;Reta;Sim;178095;Motocicleta;HONDA/CG 160 TITAN EX;2016;Condutor;Lesões Leves;20;Masculino;0;1;0;0;-18,90616739;-48,32302094;SPRF-MG;DEL15-MG;UOP01-DEL15-MG
100779;218302;04/01/2018;quinta-feira;04:00:00;MG;365;593;UBERLANDIA;Defeito Mecânico no Veículo;Queda de ocupante de veículo;Com Vítimas Feridas;Plena Noite;Decrescente;Céu Claro;Simples;Reta;Não;179047;Motocicleta;HONDA/CG 125 TITAN;1994;Condutor;Lesões Leves;26;Masculino;0;1;0;0;-18,88122356;-48,04884338;SPRF-MG;DEL15-MG;UOP02-DEL15-MG
101278;222774;05/01/2018;sexta-feira;18:20:00;MG;365;597;UBERLANDIA;Pista Escorregadia;Saída de leito carroçável;Sem Vítimas;Plena Noite;Decrescente;Chuva;Simples;Curva;Não;181478;Camioneta;BMW/X1 S20I ACTIVEFLEX;2010;Condutor;Não Informado;0;Não Informado;0;0;0;0;-18,88030044;-48,09310198;SPRF-MG;DEL15-MG;UOP02-DEL15-MG
101694;220804;07/01/2018;domingo;09:50:00;MG;365;640,4;UBERLANDIA;Avarias e/ou desgaste excessivo no pneu;Capotamento;Sem Vítimas;Pleno dia;Decrescente;Céu Claro;Dupla;"Reta;Declive";Não;180798;Automóvel;I/AUDI A1 1.4TFSI;2011;Condutor;Ileso;36;Masculino;1;0;0;0;-18,892052;-48,413805;SPRF-MG;DEL15-MG;UOP01-DEL15-MG
101753;223083;07/01/2018;domingo;16:00:00;MG;365;461;PATROCINIO;Falta de Atenção à Condução;Colisão traseira;Com Vítimas Feridas;Pleno dia;Crescente;Céu Claro;Simples;Reta;Não;180668;Caminhonete;MMC/L200 TRITON 3.2 D;2011;Passageiro;Lesões Leves;36;Feminino;0;1;0;0;-18,86988366;-46,9015494;SPRF-MG;DEL10-MG;UOP01-DEL10-MG
101753;223078;07/01/2018;domingo;16:00:00;MG;365;461;PATROCINIO;Falta de Atenção à Condução;Colisão traseira;Com Vítimas Feridas;Pleno dia;Crescente;Céu Claro;Simples;Reta;Não;180668;Caminhonete;MMC/L200 TRITON 3.2 D;2011;Condutor;Ileso;38;Masculino;1;0;0;0;-18,86988366;-46,9015494;SPRF-MG;DEL10-MG;UOP01-DEL10-MG
101753;223081;07/01/2018;domingo;16:00:00;MG;365;461;PATROCINIO;Falta de Atenção à Condução;Colisão traseira;Com Vítimas Feridas;Pleno dia;Crescente;Céu Claro;Simples;Reta;Não;180668;Caminhonete;MMC/L200 TRITON 3.2 D;2011;Passageiro;Ileso;51;Masculino;1;0;0;0;-18,86988366;-46,9015494;SPRF-MG;DEL10-MG;UOP01-DEL10-MG
101753;223084;07/01/2018;domingo;16:00:00;MG;365;461;PATROCINIO;Falta de Atenção à Condução;Colisão traseira;Com Vítimas Feridas;Pleno dia;Crescente;Céu Claro;Simples;Reta;Não;180668;Caminhonete;MMC/L200 TRITON 3.2 D;2011;Passageiro;Lesões Leves;3;Feminino;0;1;0;0;-18,86988366;-46,9015494;SPRF-MG;DEL10-MG;UOP01-DEL10-MG
101753;223080;07/01/2018;domingo;16:00:00;MG;365;461;PATROCINIO;Falta de Atenção à Condução;Colisão traseira;Com Vítimas Feridas;Pleno dia;Crescente;Céu Claro;Simples;Reta;Não;180668;Caminhonete;MMC/L200 TRITON 3.2 D;2011;Passageiro;Lesões Leves;56;Feminino;0;1;0;0;-18,86988366;-46,9015494;SPRF-MG;DEL10-MG;UOP01-DEL10-MG
102239;221965;09/01/2018;terça-feira;15:00:00;MG;365;628;UBERLANDIA;Falta de Atenção à Condução;Colisão lateral;Sem Vítimas;Pleno dia;Crescente;Nublado;Dupla;Interseção de Vias;Sim;181632;Automóvel;FORD/KA;2005;Condutor;Ileso;42;Masculino;1;0;0;0;-18,90501751;-48,33873039;SPRF-MG;DEL15-MG;UOP01-DEL15-MG
102239;221966;09/01/2018;terça-feira;15:00:00;MG;365;628;UBERLANDIA;Falta de Atenção à Condução;Colisão lateral;Sem Vítimas;Pleno dia;Crescente;Nublado;Dupla;Interseção de Vias;Sim;181634;Automóvel;GM/CORSA SEDAN PREMIUM;2009;Condutor;Ileso;45;Masculino;1;0;0;0;-18,90501751;-48,33873039;SPRF-MG;DEL15-MG;UOP01-DEL15-MG
102454;225117;10/01/2018;quarta-feira;17:10:00;MG;365;627,5;UBERLANDIA;Falta de Atenção à Condução;Colisão traseira;Com Vítimas Feridas;Pleno dia;Crescente;Nublado;Dupla;Retorno Regulamentado;Sim;182548;Motocicleta;YAMAHA/XTZ150 CROSSER ED;2015;Passageiro;Ileso;20;Feminino;1;0;0;0;-18,90561781;-48,32115111;SPRF-MG;DEL15-MG;UOP01-DEL15-MG
102454;224306;10/01/2018;quarta-feira;17:10:00;MG;365;627,5;UBERLANDIA;Falta de Atenção à Condução;Colisão traseira;Com Vítimas Feridas;Pleno dia;Crescente;Nublado;Dupla;Retorno Regulamentado;Sim;182548;Motocicleta;YAMAHA/XTZ150 CROSSER ED;2015;Condutor;Lesões Graves;39;Masculino;0;0;1;0;-18,90561781;-48,32115111;SPRF-MG;DEL15-MG;UOP01-DEL15-MG