id;pesid;data_inversa;dia_semana;horario;uf;br;km;municipio;causa_acidente;tipo_acidente;classificacao_acidente;fase_dia;sentido_via;condicao_metereologica;tipo_pista;tracado_via;uso_solo;id_veiculo;tipo_veiculo;marca;ano_fabricacao_veiculo;tipo_envolvido;estado_fisico;idade;sexo;ilesos;feridos_leves;feridos_graves;mortos;latitude;longitude;regional;delegacia;uop
122983;268437;03/04/2018;terça-feira;15:20:00;MG;365;630;UBERLANDIA;Pista Escorregadia;Capotamento;Com Vítimas Feridas;Pleno dia;Crescente;Chuva;Dupla;Reta;Sim;220035;Caminhonete;I/TOYOTA HILUX CD4X4 SRV;2008;Condutor;Lesões Graves;66;Masculino;0;0;1;0;-18,9054;-48,3233;SPRF-MG;DEL15-MG;UOP01-DEL15-MG
123561;272636;05/04/2018;quinta-feira;20:30:00;MG;365;607,7;UBERLANDIA;Desobediência às normas de trânsito pelo condutor;Colisão transversal;Com Vítimas Feridas;Plena Noite;Decrescente;Céu Claro;Simples;Reta;Sim;221138;Motocicleta;HONDA/CG150 TITAN MIX KS;2009;Condutor;Lesões Graves;50;Masculino;0;0;1;0;-18,908964;-48,168448;SPRF-MG;DEL15-MG;UOP01-DEL15-MG
123561;272789;05/04/2018;quinta-feira;20:30:00;MG;365;607,7;UBERLANDIA;Desobediência às normas de trânsito pelo condutor;Colisão transversal;Com Vítimas Feridas;Plena Noite;Decrescente;Céu Claro;Simples;Reta;Sim;221145;Caminhonete;Não Informado/Não Informado;0;Condutor;Não Informado;0;Não Informado;0;0;0;0;-18,908964;-48,168448;SPRF-MG;DEL15-MG;UOP01-DEL15-MG
123797;270962;06/04/2018;sexta-feira;12:40:00;MG;365;632;UBERLANDIA;Ingestão de Álcool;Saída de leito carroçável;Sem Vítimas;Pleno dia;Decrescente;Céu Claro;Dupla;Reta;Não;222085;Automóvel;GM/VECTRA GLS;1995;Condutor;Ileso;29;Masculino;1;0;0;0;-18,904;-48,3429;SPRF-MG;DEL15-MG;UOP01-DEL15-MG
123880;270729;06/04/2018;sexta-feira;16:10:00;MG;365;621,3;UBERLANDIA;Carga excessiva e/ou mal acondicionada;Queda de ocupante de veículo;Com Vítimas Feridas;Pleno dia;Crescente;Céu Claro;Dupla;Reta;Sim;221875;Motocicleta;HONDA/CG 125 FAN KS;2011;Condutor;Lesões Leves;28;Masculino;0;1;0;0;-18,8974;-48,2715;SPRF-MG;DEL15-MG;UOP01-DEL15-MG
124263;271416;07/04/2018;sábado;13:00:00;MG;365;594,5;UBERLANDIA;Falta de Atenção à Condução;Colisão transversal;Com Vítimas Feridas;Pleno dia;Decrescente;Céu Claro;Simples;Reta;Não;222456;Automóvel;GM/KADETT GL;1994;Passageiro;Lesões Graves;52;Feminino;0;0;1;0;-18,8974;-48,2715;SPRF-MG;DEL15-MG;UOP02-DEL15-MG
124263;271415;07/04/2018;sábado;13:00:00;MG;365;594,5;UBERLANDIA;Falta de Atenção à Condução;Colisão transversal;Com Vítimas Feridas;Pleno dia;Decrescente;Céu Claro;Simples;Reta;Não;222456;Automóvel;GM/KADETT GL;1994;Condutor;Lesões Graves;53;Feminino;0;0;1;0;-18,8974;-48,2715;SPRF-MG;DEL15-MG;UOP02-DEL15-MG
124263;271410;07/04/2018;sábado;13:00:00;MG;365;594,5;UBERLANDIA;Falta de Atenção à Condução;Colisão transversal;Com Vítimas Feridas;Pleno dia;Decrescente;Céu Claro;Simples;Reta;Não;222455;Automóvel;FIAT/UNO VIVACE 1.0;2013;Condutor;Ileso;62;Feminino;1;0;0;0;-18,8974;-48,2715;SPRF-MG;DEL15-MG;UOP02-DEL15-MG
124564;272609;08/04/2018;domingo;02:30:00;MG;365;710,9;MONTE ALEGRE DE MINAS;Condutor Dormindo;Saída de leito carroçável;Com Vítimas Fatais;Plena Noite;Crescente;Chuva;Simples;Reta;Não;223453;Caminhonete;CHEVROLET/S10 LTZ DD4A;2016;Condutor;Óbito;50;Masculino;0;0;0;1;-18,86861;-49,07016;SPRF-MG;DEL15-MG;UOP03-DEL15-MG
124722;272487;08/04/2018;domingo;18:20:00;MG;365;655,8;UBERLANDIA;Falta de Atenção à Condução;Capotamento;Com Vítimas Feridas;Anoitecer;Crescente;Céu Claro;Dupla;"Interseção de Vias;Em Obras";Não;223182;Caminhonete;GM/S10 EXECUTIVE D 4X4;2008;Condutor;Lesões Graves;60;Feminino;0;0;1;0;-18,8695;-48,5579;SPRF-MG;DEL15-MG;UOP01-DEL15-MG
124722;272539;08/04/2018;domingo;18:20:00;MG;365;655,8;UBERLANDIA;Falta de Atenção à Condução;Capotamento;Com Vítimas Feridas;Anoitecer;Crescente;Céu Claro;Dupla;"Interseção de Vias;Em Obras";Não;0;NA;NA/NA;0;Testemunha;Não Informado;0;Não Informado;0;0;0;0;-18,8695;-48,5579;SPRF-MG;DEL15-MG;UOP01-DEL15-MG
125063;273089;24/02/2018;sábado;22:00:00;MG;365;623,8;UBERLANDIA;Desobediência às normas de trânsito pelo condutor;Colisão frontal;Com Vítimas Feridas;Plena Noite;Decrescente;Céu Claro;Dupla;Curva;Sim;223812;Motocicleta;DAFRA/SPEED 150;2012;Condutor;Lesões Graves;23;Masculino;0;0;1;0;-18,90238885;-48,28147888;SPRF-MG;DEL15-MG;UOP01-DEL15-MG
125063;273090;24/02/2018;sábado;22:00:00;MG;365;623,8;UBERLANDIA;Desobediência às normas de trânsito pelo condutor;Colisão frontal;Com Vítimas Feridas;Plena Noite;Decrescente;Céu Claro;Dupla;Curva;Sim;223813;Motoneta;HONDA/BIZ 125 KS;2010;Condutor;Ileso;22;Masculino;1;0;0;0;-18,90238885;-48,28147888;SPRF-MG;DEL15-MG;UOP01-DEL15-MG
126878;274983;09/04/2018;segunda-feira;17:20:00;MG;365;472;PATROCINIO;Falta de Atenção à Condução;Saída de leito carroçável;Com Vítimas Feridas;Pleno dia;Crescente;Céu Claro;Simples;Reta;Não;223958;Motocicleta;HONDA/CG 150 TITAN KS;2005;Condutor;Lesões Leves;33;Masculino;0;1;0;0;-18,92414957;-46,99770927;SPRF-MG;DEL10-MG;UOP01-DEL10-MG
126968;273567;07/04/2018;sábado;05:30:00;MG;365;476;PATROCINIO;Defeito Mecânico no Veículo;Saída de leito carroçável;Com Vítimas Feridas;Amanhecer;Crescente;Céu Claro;Simples;Rotatória;Não;224132;Automóvel;TOYOTA/COROLLA XEI;2000;Condutor;Lesões Leves;57;Masculino;0;1;0;0;-18,9205771;-47,0271492;SPRF-MG;DEL10-MG;UOP01-DEL10-MG
126968;273571;07/04/2018;sábado;05:30:00;MG;365;476;PATROCINIO;Defeito Mecânico no Veículo;Saída de leito carroçável;Com Vítimas Feridas;Amanhecer;Crescente;Céu Claro;Simples;Rotatória;Não;0;NA;NA/NA;0;Testemunha;Não Informado;0;Não Informado;0;0;0;0;-18,9205771;-47,0271492;SPRF-MG;DEL10-MG;UOP01-DEL10-MG
127369;274697;12/04/2018;quinta-feira;18:00:00;MG;365;445;GUIMARANIA;Animais na Pista;Atropelamento de Animal;Com Vítimas Feridas;Plena Noite;Decrescente;Céu Claro;Simples;Reta;Não;224973;Motoneta;HONDA/BIZ 125 ES;2011;Condutor;Lesões Graves;34;Feminino;0;0;1;0;-18,803576;-46,76315;SPRF-MG;DEL10-MG;UOP01-DEL10-MG
127369;274699;12/04/2018;quinta-feira;18:00:00;MG;365;445;GUIMARANIA;Animais na Pista;Atropelamento de Animal;Com Vítimas Feridas;Plena Noite;Decrescente;Céu Claro;Simples;Reta;Não;224973;Motoneta;HONDA/BIZ 125 ES;2011;Passageiro;Lesões Graves;30;Masculino;0;0;1;0;-18,803576;-46,76315;SPRF-MG;DEL10-MG;UOP01-DEL10-MG
127369;274704;12/04/2018;quinta-feira;18:00:00;MG;365;445;GUIMARANIA;Animais na Pista;Atropelamento de Animal;Com Vítimas Feridas;Plena Noite;Decrescente;Céu Claro;Simples;Reta;Não;0;NA;NA/NA;0;Testemunha;Não Informado;0;Não Informado;0;0;0;0;-18,803576;-46,76315;SPRF-MG;DEL10-MG;UOP01-DEL10-MG
127369;274713;12/04/2018;quinta-feira;18:00:00;MG;365;445;GUIMARANIA;Animais na Pista;Atropelamento de Animal;Com Vítimas Feridas;Plena Noite;Decrescente;Céu Claro;Simples;Reta;Não;0;NA;NA/NA;0;Testemunha;Não Informado;0;Não Informado;0;0;0;0;-18,803576;-46,76315;SPRF-MG;DEL10-MG;UOP01-DEL10-MG
128348;276520;03/03/2018;sábado;09:45:00;MG;365;631;UBERLANDIA;Desobediência às normas de trânsito pelo condutor;Colisão traseira;Com Vítimas Feridas;Pleno dia;Crescente;Céu Claro;Dupla;Aclive;Sim;226596;Caminhonete;CHEVROLET/S10 LT DD4A;2014;Condutor;Ileso;55;Masculino;1;0;0;0;-18,9067;-48,333;SPRF-MG;DEL15-MG;UOP01-DEL15-MG
128348;276565;03/03/2018;sábado;09:45:00;MG;365;631;UBERLANDIA;Desobediência às normas de trânsito pelo condutor;Colisão traseira;Com Vítimas Feridas;Pleno dia;Crescente;Céu Claro;Dupla;Aclive;Sim;226595;Motocicleta;HONDA/CG 150 TITAN ES;2006;Passageiro;Lesões Leves;27;Masculino;0;1;0;0;-18,9067;-48,333;SPRF-MG;DEL15-MG;UOP01-DEL15-MG
128348;276519;03/03/2018;sábado;09:45:00;MG;365;631;UBERLANDIA;Desobediência às normas de trânsito pelo condutor;Colisão traseira;Com Vítimas Feridas;Pleno dia;Crescente;Céu Claro;Dupla;Aclive;Sim;226595;Motocicleta;HONDA/CG 150 TITAN ES;2006;Condutor;Lesões Graves;62;Masculino;0;0;1;0;-18,9067;-48,333;SPRF-MG;DEL15-MG;UOP01-DEL15-MG
128371;276604;16/04/2018;segunda-feira;16:30:00;MG;365;706;MONTE ALEGRE DE MINAS;Velocidade Incompatível;Capotamento;Com Vítimas Feridas;Pleno dia;Crescente;Chuva;Dupla;Reta;Não;226666;Utilitário;CHEV/TRAILBLAZER LTZ D4A;2017;Condutor;Lesões Leves;66;Masculino;0;1;0;0;-18,88030044;-49,04768944;SPRF-MG;DEL15-MG;UOP03-DEL15-MG
128407;276804;17/04/2018;terça-feira;00:15:00;MG;365;608;UBERLANDIA;Animais na Pista;Atropelamento de Animal;Com Vítimas Feridas;Pleno dia;Crescente;Céu Claro;Simples;Reta;Sim;226758;Motocicleta;HONDA/CG 125;1980;Condutor;Lesões Leves;31;Masculino;0;1;0;0;-18,89524292;-48,15444946;SPRF-MG;DEL15-MG;UOP01-DEL15-MG
128426;277511;16/04/2018;segunda-feira;23:00:00;MG;365;558;INDIANOPOLIS;Falta de Atenção à Condução;Saída de leito carroçável;Com Vítimas Feridas;Plena Noite;Crescente;Nublado;Simples;Curva;Não;226802;Automóvel;HONDA/CIVIC LXS FLEX;2009;Condutor;Lesões Leves;0;Masculino;0;1;0;0;-18,92581;-47,76305;SPRF-MG;DEL10-MG;UOP01-DEL10-MG
128426;277071;16/04/2018;segunda-feira;23:00:00;MG;365;558;INDIANOPOLIS;Falta de Atenção à Condução;Saída de leito carroçável;Com Vítimas Feridas;Plena Noite;Crescente;Nublado;Simples;Curva;Não;226802;Automóvel;HONDA/CIVIC LXS FLEX;2009;Passageiro;Lesões Graves;23;Masculino;0;0;1;0;-18,92581;-47,76305;SPRF-MG;DEL10-MG;UOP01-DEL10-MG
128426;277070;16/04/2018;segunda-feira;23:00:00;MG;365;558;INDIANOPOLIS;Falta de Atenção à Condução;Saída de leito carroçável;Com Vítimas Feridas;Plena Noite;Crescente;Nublado;Simples;Curva;Não;226802;Automóvel;HONDA/CIVIC LXS FLEX;2009;Passageiro;Lesões Leves;30;Masculino;0;1;0;0;-18,92581;-47,76305;SPRF-MG;DEL10-MG;UOP01-DEL10-MG
128536;277314;17/04/2018;terça-feira;18:45:00;MG;365;618,2;UBERLANDIA;Falta de Atenção à Condução;Engavetamento;Com Vítimas Feridas;Anoitecer;Decrescente;Nublado;Dupla;"Reta;Aclive";Sim;227161;Automóvel;FORD/KA SE 1.0 HA B;2016;Condutor;Ileso;47;Masculino;1;0;0;0;-18,893567;-48,251326;SPRF-MG;DEL15-MG;UOP01-DEL15-MG
128536;277317;17/04/2018;terça-feira;18:45:00;MG;365;618,2;UBERLANDIA;Falta de Atenção à Condução;Engavetamento;Com Vítimas Feridas;Anoitecer;Decrescente;Nublado;Dupla;"Reta;Aclive";Sim;227161;Automóvel;FORD/KA SE 1.0 HA B;2016;Passageiro;Ileso;20;Feminino;1;0;0;0;-18,893567;-48,251326;SPRF-MG;DEL15-MG;UOP01-DEL15-MG
128536;277323;17/04/2018;terça-feira;18:45:00;MG;365;618,2;UBERLANDIA;Falta de Atenção à Condução;Engavetamento;Com Vítimas Feridas;Anoitecer;Decrescente;Nublado;Dupla;"Reta;Aclive";Sim;227163;Automóvel;GM/ZAFIRA 2.0 16V;2001;Condutor;Ileso;39;Masculino;1;0;0;0;-18,893567;-48,251326;SPRF-MG;DEL15-MG;UOP01-DEL15-MG
128536;277325;17/04/2018;terça-feira;18:45:00;MG;365;618,2;UBERLANDIA;Falta de Atenção à Condução;Engavetamento;Com Vítimas Feridas;Anoitecer;Decrescente;Nublado;Dupla;"Reta;Aclive";Sim;227163;Automóvel;GM/ZAFIRA 2.0 16V;2001;Passageiro;Ileso;38;Feminino;1;0;0;0;-18,893567;-48,251326;SPRF-MG;DEL15-MG;UOP01-DEL15-MG
128536;277320;17/04/2018;terça-feira;18:45:00;MG;365;618,2;UBERLANDIA;Falta de Atenção à Condução;Engavetamento;Com Vítimas Feridas;Anoitecer;Decrescente;Nublado;Dupla;"Reta;Aclive";Sim;227162;Automóvel;FIAT/PALIO ED;1996;Passageiro;Ileso;31;Feminino;1;0;0;0;-18,893567;-48,251326;SPRF-MG;DEL15-MG;UOP01-DEL15-MG
128536;277319;17/04/2018;terça-feira;18:45:00;MG;365;618,2;UBERLANDIA;Falta de Atenção à Condução;Engavetamento;Com Vítimas Feridas;Anoitecer;Decrescente;Nublado;Dupla;"Reta;Aclive";Sim;227162;Automóvel;FIAT/PALIO ED;1996;Condutor;Lesões Leves;34;Masculino;0;1;0;0;-18,893567;-48,251326;SPRF-MG;DEL15-MG;UOP01-DEL15-MG
128536;277322;17/04/2018;terça-feira;18:45:00;MG;365;618,2;UBERLANDIA;Falta de Atenção à Condução;Engavetamento;Com Vítimas Feridas;Anoitecer;Decrescente;Nublado;Dupla;"Reta;Aclive";Sim;227162;Automóvel;FIAT/PALIO ED;1996;Passageiro;Lesões Leves;4;Masculino;0;1;0;0;-18,893567;-48,251326;SPRF-MG;DEL15-MG;UOP01-DEL15-MG
128536;277312;17/04/2018;terça-feira;18:45:00;MG;365;618,2;UBERLANDIA;Falta de Atenção à Condução;Engavetamento;Com Vítimas Feridas;Anoitecer;Decrescente;Nublado;Dupla;"Reta;Aclive";Sim;227160;Automóvel;GM/CELTA 4P LIFE;2009;Condutor;Lesões Leves;23;Masculino;0;1;0;0;-18,893567;-48,251326;SPRF-MG;DEL15-MG;UOP01-DEL15-MG
128536;277313;17/04/2018;terça-feira;18:45:00;MG;365;618,2;UBERLANDIA;Falta de Atenção à Condução;Engavetamento;Com Vítimas Feridas;Anoitecer;Decrescente;Nublado;Dupla;"Reta;Aclive";Sim;227160;Automóvel;GM/CELTA 4P LIFE;2009;Passageiro;Lesões Leves;24;Feminino;0;1;0;0;-18,893567;-48,251326;SPRF-MG;DEL15-MG;UOP01-DEL15-MG
128874;278057;19/04/2018;quinta-feira;13:15:00;MG;365;615;UBERLANDIA;Animais na Pista;Tombamento;Com Vítimas Feridas;Pleno dia;Crescente;Nublado;Simples;Reta;Não;227713;Motocicleta;YAMAHA/YBR 125K;2002;Passageiro;Lesões Leves;33;Feminino;0;1;0;0;-18,91412212;-48,21659759;SPRF-MG;DEL15-MG;UOP01-DEL15-MG
128874;278055;19/04/2018;quinta-feira;13:15:00;MG;365;615;UBERLANDIA;Animais na Pista;Tombamento;Com Vítimas Feridas;Pleno dia;Crescente;Nublado;Simples;Reta;Não;227713;Motocicleta;YAMAHA/YBR 125K;2002;Condutor;Lesões Graves;31;Masculino;0;0;1;0;-18,91412212;-48,21659759;SPRF-MG;DEL15-MG;UOP01-DEL15-MG
129007;278343;20/04/2018;sexta-feira;05:45:00;MG;365;629,2;UBERLANDIA;Falta de Atenção à Condução;Colisão traseira;Com Vítimas Feridas;Amanhecer;Crescente;Céu Claro;Dupla;Reta;Sim;227913;Automóvel;VW/NOVO GOL TL MCV;2017;Condutor;Ileso;51;Masculino;1;0;0;0;-18,90489086;-48,33954066;SPRF-MG;DEL15-MG;UOP01-DEL15-MG
129007;278348;20/04/2018;sexta-feira;05:45:00;MG;365;629,2;UBERLANDIA;Falta de Atenção à Condução;Colisão traseira;Com Vítimas Feridas;Amanhecer;Crescente;Céu Claro;Dupla;Reta;Sim;227914;Motocicleta;HONDA/CG 150 TITAN ES;2009;Passageiro;Lesões Graves;36;Feminino;0;0;1;0;-18,90489086;-48,33954066;SPRF-MG;DEL15-MG;UOP01-DEL15-MG
129007;278344;20/04/2018;sexta-feira;05:45:00;MG;365;629,2;UBERLANDIA;Falta de Atenção à Condução;Colisão traseira;Com Vítimas Feridas;Amanhecer;Crescente;Céu Claro;Dupla;Reta;Sim;227914;Motocicleta;HONDA/CG 150 TITAN ES;2009;Condutor;Lesões Leves;33;Masculino;0;1;0;0;-18,90489086;-48,33954066;SPRF-MG;DEL15-MG;UOP01-DEL15-MG
129615;281013;22/04/2018;domingo;19:40:00;MG;365;478;PATROCINIO;Falta de Atenção à Condução;Atropelamento de Pedestre;Com Vítimas Fatais;Plena Noite;Crescente;Céu Claro;Simples;Reta;Não;228938;Caminhonete;I/TOYOTA HILUX CD4X4 SRV;2013;Passageiro;Ileso;29;Feminino;1;0;0;0;-18,91408152;-47,04090357;SPRF-MG;DEL10-MG;UOP01-DEL10-MG
129615;281001;22/04/2018;domingo;19:40:00;MG;365;478;PATROCINIO;Falta de Atenção à Condução;Atropelamento de Pedestre;Com Vítimas Fatais;Plena Noite;Crescente;Céu Claro;Simples;Reta;Não;228938;Caminhonete;I/TOYOTA HILUX CD4X4 SRV;2013;Condutor;Ileso;54;Masculino;1;0;0;0;-18,91408152;-47,04090357;SPRF-MG;DEL10-MG;UOP01-DEL10-MG
129615;279608;22/04/2018;domingo;19:40:00;MG;365;478;PATROCINIO;Falta de Atenção à Condução;Atropelamento de Pedestre;Com Vítimas Fatais;Plena Noite;Crescente;Céu Claro;Simples;Reta;Não;0;NA;NA/NA;0;Pedestre;Óbito;0;Masculino;0;0;0;1;-18,91408152;-47,04090357;SPRF-MG;DEL10-MG;UOP01-DEL10-MG
129679;281331;23/04/2018;segunda-feira;02:10:00;MG;365;495;PATROCINIO;Condutor Dormindo;Saída de leito carroçável;Com Vítimas Feridas;Plena Noite;Decrescente;Céu Claro;Simples;Curva;Não;229031;Automóvel;FORD/FIESTA SEDAN1.6FLEX;2010;Condutor;Lesões Leves;29;Masculino;0;1;0;0;-18,90320086;-47,14276314;SPRF-MG;DEL10-MG;UOP01-DEL10-MG
129679;281339;23/04/2018;segunda-feira;02:10:00;MG;365;495;PATROCINIO;Condutor Dormindo;Saída de leito carroçável;Com Vítimas Feridas;Plena Noite;Decrescente;Céu Claro;Simples;Curva;Não;229031;Automóvel;FORD/FIESTA SEDAN1.6FLEX;2010;Passageiro;Lesões Leves;55;Feminino;0;1;0;0;-18,90320086;-47,14276314;SPRF-MG;DEL10-MG;UOP01-DEL10-MG
129679;281337;23/04/2018;segunda-feira;02:10:00;MG;365;495;PATROCINIO;Condutor Dormindo;Saída de leito carroçável;Com Vítimas Feridas;Plena Noite;Decrescente;Céu Claro;Simples;Curva;Não;229031;Automóvel;FORD/FIESTA SEDAN1.6FLEX;2010;Passageiro;Lesões Leves;73;Masculino;0;1;0;0;-18,90320086;-47,14276314;SPRF-MG;DEL10-MG;UOP01-DEL10-MG
129679;281335;23/04/2018;segunda-feira;02:10:00;MG;365;495;PATROCINIO;Condutor Dormindo;Saída de leito carroçável;Com Vítimas Feridas;Plena Noite;Decrescente;Céu Claro;Simples;Curva;Não;229031;Automóvel;FORD/FIESTA SEDAN1.6FLEX;2010;Passageiro;Lesões Leves;29;Masculino;0;1;0;0;-18,90320086;-47,14276314;SPRF-MG;DEL10-MG;UOP01-DEL10-MG
129679;281340;23/04/2018;segunda-feira;02:10:00;MG;365;495;PATROCINIO;Condutor Dormindo;Saída de leito carroçável;Com Vítimas Feridas;Plena Noite;Decrescente;Céu Claro;Simples;Curva;Não;229031;Automóvel;FORD/FIESTA SEDAN1.6FLEX;2010;Passageiro;Lesões Graves;56;Masculino;0;0;1;0;-18,90320086;-47,14276314;SPRF-MG;DEL10-MG;UOP01-DEL10-MG
130164;280971;25/04/2018;quarta-feira;15:00:00;MG;365;746;ITUIUTABA;Mal Súbito;Colisão frontal;Com Vítimas Fatais;Pleno dia;Decrescente;Céu Claro;Simples;Reta;Não;230018;Automóvel;VW/FUSCA 1300;1968;Condutor;Óbito;78;Masculino;0;0;0;1;-18,91652;-49,40285;SPRF-MG;DEL15-MG;UOP03-DEL15-MG
130166;281049;25/04/2018;quarta-feira;13:20:00;MG;365;615,6;UBERLANDIA;Defeito Mecânico no Veículo;Tombamento;Com Vítimas Feridas;Pleno dia;Crescente;Céu Claro;Múltipla;Reta;Sim;230069;Motocicleta;DAFRA/TVS APACHE RTR 150;2010;Condutor;Lesões Graves;23;Masculino;0;0;1;0;-18,90712894;-48,22863936;SPRF-MG;DEL15-MG;UOP01-DEL15-MG
130166;281100;25/04/2018;quarta-feira;13:20:00;MG;365;615,6;UBERLANDIA;Defeito Mecânico no Veículo;Tombamento;Com Vítimas Feridas;Pleno dia;Crescente;Céu Claro;Múltipla;Reta;Sim;0;NA;NA/NA;0;Testemunha;Não Informado;0;Não Informado;0;0;0;0;-18,90712894;-48,22863936;SPRF-MG;DEL15-MG;UOP01-DEL15-MG
130555;283770;27/04/2018;sexta-feira;15:50:00;MG;365;525,6;MONTE CARMELO;Falta de Atenção à Condução;Colisão transversal;Com Vítimas Feridas;Pleno dia;Decrescente;Céu Claro;Simples;Interseção de Vias;Não;232176;Automóvel;FIAT/UNO MILLE ECONOMY;2013;Condutor;Ileso;71;Masculino;1;0;0;0;-18,91408152;-47,41956711;SPRF-MG;DEL10-MG;UOP01-DEL10-MG
130555;283690;27/04/2018;sexta-feira;15:50:00;MG;365;525,6;MONTE CARMELO;Falta de Atenção à Condução;Colisão transversal;Com Vítimas Feridas;Pleno dia;Decrescente;Céu Claro;Simples;Interseção de Vias;Não;232172;Motocicleta;HONDA/CB600F HORNET;2012;Condutor;Lesões Graves;49;Masculino;0;0;1;0;-18,91408152;-47,41956711;SPRF-MG;DEL10-MG;UOP01-DEL10-MG
130555;283694;27/04/2018;sexta-feira;15:50:00;MG;365;525,6;MONTE CARMELO;Falta de Atenção à Condução;Colisão transversal;Com Vítimas Feridas;Pleno dia;Decrescente;Céu Claro;Simples;Interseção de Vias;Não;232172;Motocicleta;HONDA/CB600F HORNET;2012;Passageiro;Lesões Graves;43;Feminino;0;0;1;0;-18,91408152;-47,41956711;SPRF-MG;DEL10-MG;UOP01-DEL10-MG
130560;282848;27/04/2018;sexta-feira;16:30:00;MG;365;627;UBERLANDIA;Falta de Atenção à Condução;Tombamento;Com Vítimas Feridas;Pleno dia;Crescente;Céu Claro;Dupla;Aclive;Sim;230995;Motocicleta;YAMAHA/FAZER250 BLUEFLEX;2013;Condutor;Lesões Leves;57;Masculino;0;1;0;0;-18,9105;-48,3052;SPRF-MG;DEL15-MG;UOP01-DEL15-MG
130907;283476;29/04/2018;domingo;01:00:00;MG;365;669,5;MONTE ALEGRE DE MINAS;Animais na Pista;Atropelamento de Animal;Com Vítimas Feridas;Plena Noite;Decrescente;Céu Claro;Dupla;Reta;Não;232011;Automóvel;FORD/FIESTA GLX;1999;Condutor;Lesões Leves;62;Masculino;0;1;0;0;-18,85364567;-48,85226727;SPRF-MG;DEL15-MG;UOP01-DEL15-MG
130964;283061;29/04/2018;domingo;10:00:00;MG;365;626,7;UBERLANDIA;Falta de Atenção à Condução;Colisão traseira;Sem Vítimas;Pleno dia;Crescente;Céu Claro;Dupla;Viaduto;Sim;231690;Automóvel;FORD/FIESTA FLEX;2013;Condutor;Ileso;52;Masculino;1;0;0;0;-18,90776839;-48,31407845;SPRF-MG;DEL15-MG;UOP01-DEL15-MG
130964;283064;29/04/2018;domingo;10:00:00;MG;365;626,7;UBERLANDIA;Falta de Atenção à Condução;Colisão traseira;Sem Vítimas;Pleno dia;Crescente;Céu Claro;Dupla;Viaduto;Sim;231695;Motocicleta;HONDA/CG 160 FAN;0;Condutor;Não Informado;0;Não Informado;0;0;0;0;-18,90776839;-48,31407845;SPRF-MG;DEL15-MG;UOP01-DEL15-MG
130974;282831;29/04/2018;domingo;11:40:00;MG;365;634;UBERLANDIA;Falta de Atenção à Condução;Colisão traseira;Com Vítimas Feridas;Pleno dia;Decrescente;Céu Claro;Dupla;Reta;Não;231480;Caminhonete;FIAT/STRADA WORKING CD;2015;Condutor;Ileso;43;Feminino;1;0;0;0;-18,89806478;-48,38277519;SPRF-MG;DEL15-MG;UOP01-DEL15-MG
130974;282833;29/04/2018;domingo;11:40:00;MG;365;634;UBERLANDIA;Falta de Atenção à Condução;Colisão traseira;Com Vítimas Feridas;Pleno dia;Decrescente;Céu Claro;Dupla;Reta;Não;231480;Caminhonete;FIAT/STRADA WORKING CD;2015;Passageiro;Ileso;43;Masculino;1;0;0;0;-18,89806478;-48,38277519;SPRF-MG;DEL15-MG;UOP01-DEL15-MG
130974;282834;29/04/2018;domingo;11:40:00;MG;365;634;UBERLANDIA;Falta de Atenção à Condução;Colisão traseira;Com Vítimas Feridas;Pleno dia;Decrescente;Céu Claro;Dupla;Reta;Não;231481;Motocicleta;HONDA/CB600F HORNET;2006;Condutor;Lesões Leves;33;Masculino;0;1;0;0;-18,89806478;-48,38277519;SPRF-MG;DEL15-MG;UOP01-DEL15-MG
131193;283404;30/04/2018;segunda-feira;13:45:00;MG;365;580;INDIANOPOLIS;Condutor Dormindo;Colisão lateral;Com Vítimas Feridas;Pleno dia;Crescente;Céu Claro;Simples;Reta;Não;231969;Automóvel;CHEVROLET/ONIX 1.4MT LTZ;2016;Condutor;Lesões Leves;36;Masculino;0;1;0;0;-18,91662024;-47,82011033;SPRF-MG;DEL15-MG;UOP02-DEL15-MG