id;pesid;data_inversa;dia_semana;horario;uf;br;km;municipio;causa_acidente;tipo_acidente;classificacao_acidente;fase_dia;sentido_via;condicao_metereologica;tipo_pista;tracado_via;uso_solo;id_veiculo;tipo_veiculo;marca;ano_fabricacao_veiculo;tipo_envolvido;estado_fisico;idade;sexo;ilesos;feridos_leves;feridos_graves;mortos;latitude;longitude;regional;delegacia;uop
146503;322282;14/07/2018;sábado;04:00:00;MG;365;514;MONTE CARMELO;Falta de Atenção à Condução;Saída de leito carroçável;Com Vítimas Feridas;Plena Noite;Crescente;Céu Claro;Simples;Reta;Não;262181;Ônibus;SCANIA/MPOLO PARAD GVDDR;2000;Passageiro;Ileso;22;Feminino;1;0;0;0;-18,926;-47,331;SPRF-MG;DEL10-MG;UOP01-DEL10-MG
146503;322283;14/07/2018;sábado;04:00:00;MG;365;514;MONTE CARMELO;Falta de Atenção à Condução;Saída de leito carroçável;Com Vítimas Feridas;Plena Noite;Crescente;Céu Claro;Simples;Reta;Não;262181;Ônibus;SCANIA/MPOLO PARAD GVDDR;2000;Passageiro;Ileso;54;Masculino;1;0;0;0;-18,926;-47,331;SPRF-MG;DEL10-MG;UOP01-DEL10-MG
146503;322294;14/07/2018;sábado;04:00:00;MG;365;514;MONTE CARMELO;Falta de Atenção à Condução;Saída de leito carroçável;Com Vítimas Feridas;Plena Noite;Crescente;Céu Claro;Simples;Reta;Não;262181;Ônibus;SCANIA/MPOLO PARAD GVDDR;2000;Passageiro;Ileso;6;Feminino;1;0;0;0;-18,926;-47,331;SPRF-MG;DEL10-MG;UOP01-DEL10-MG
146503;322295;14/07/2018;sábado;04:00:00;MG;365;514;MONTE CARMELO;Falta de Atenção à Condução;Saída de leito carroçável;Com Vítimas Feridas;Plena Noite;Crescente;Céu Claro;Simples;Reta;Não;262181;Ônibus;SCANIA/MPOLO PARAD GVDDR;2000;Passageiro;Ileso;0;Feminino;1;0;0;0;-18,926;-47,331;SPRF-MG;DEL10-MG;UOP01-DEL10-MG
146503;322307;14/07/2018;sábado;04:00:00;MG;365;514;MONTE CARMELO;Falta de Atenção à Condução;Saída de leito carroçável;Com Vítimas Feridas;Plena Noite;Crescente;Céu Claro;Simples;Reta;Não;262181;Ônibus;SCANIA/MPOLO PARAD GVDDR;2000;Passageiro;Ileso;49;Feminino;1;0;0;0;-18,926;-47,331;SPRF-MG;DEL10-MG;UOP01-DEL10-MG
146503;322316;14/07/2018;sábado;04:00:00;MG;365;514;MONTE CARMELO;Falta de Atenção à Condução;Saída de leito carroçável;Com Vítimas Feridas;Plena Noite;Crescente;Céu Claro;Simples;Reta;Não;262181;Ônibus;SCANIA/MPOLO PARAD GVDDR;2000;Passageiro;Ileso;67;Feminino;1;0;0;0;-18,926;-47,331;SPRF-MG;DEL10-MG;UOP01-DEL10-MG
146503;322333;14/07/2018;sábado;04:00:00;MG;365;514;MONTE CARMELO;Falta de Atenção à Condução;Saída de leito carroçável;Com Vítimas Feridas;Plena Noite;Crescente;Céu Claro;Simples;Reta;Não;262181;Ônibus;SCANIA/MPOLO PARAD GVDDR;2000;Passageiro;Ileso;68;Masculino;1;0;0;0;-18,926;-47,331;SPRF-MG;DEL10-MG;UOP01-DEL10-MG
146503;322280;14/07/2018;sábado;04:00:00;MG;365;514;MONTE CARMELO;Falta de Atenção à Condução;Saída de leito carroçável;Com Vítimas Feridas;Plena Noite;Crescente;Céu Claro;Simples;Reta;Não;262181;Ônibus;SCANIA/MPOLO PARAD GVDDR;2000;Passageiro;Lesões Leves;70;Masculino;0;1;0;0;-18,926;-47,331;SPRF-MG;DEL10-MG;UOP01-DEL10-MG
146503;322286;14/07/2018;sábado;04:00:00;MG;365;514;MONTE CARMELO;Falta de Atenção à Condução;Saída de leito carroçável;Com Vítimas Feridas;Plena Noite;Crescente;Céu Claro;Simples;Reta;Não;262181;Ônibus;SCANIA/MPOLO PARAD GVDDR;2000;Passageiro;Ileso;43;Feminino;1;0;0;0;-18,926;-47,331;SPRF-MG;DEL10-MG;UOP01-DEL10-MG
146503;322297;14/07/2018;sábado;04:00:00;MG;365;514;MONTE CARMELO;Falta de Atenção à Condução;Saída de leito carroçável;Com Vítimas Feridas;Plena Noite;Crescente;Céu Claro;Simples;Reta;Não;262181;Ônibus;SCANIA/MPOLO PARAD GVDDR;2000;Passageiro;Ileso;81;Masculino;1;0;0;0;-18,926;-47,331;SPRF-MG;DEL10-MG;UOP01-DEL10-MG
146503;322269;14/07/2018;sábado;04:00:00;MG;365;514;MONTE CARMELO;Falta de Atenção à Condução;Saída de leito carroçável;Com Vítimas Feridas;Plena Noite;Crescente;Céu Claro;Simples;Reta;Não;262181;Ônibus;SCANIA/MPOLO PARAD GVDDR;2000;Passageiro;Lesões Graves;2017;Feminino;0;0;1;0;-18,926;-47,331;SPRF-MG;DEL10-MG;UOP01-DEL10-MG
146503;322320;14/07/2018;sábado;04:00:00;MG;365;514;MONTE CARMELO;Falta de Atenção à Condução;Saída de leito carroçável;Com Vítimas Feridas;Plena Noite;Crescente;Céu Claro;Simples;Reta;Não;262181;Ônibus;SCANIA/MPOLO PARAD GVDDR;2000;Passageiro;Ileso;53;Feminino;1;0;0;0;-18,926;-47,331;SPRF-MG;DEL10-MG;UOP01-DEL10-MG
146503;322318;14/07/2018;sábado;04:00:00;MG;365;514;MONTE CARMELO;Falta de Atenção à Condução;Saída de leito carroçável;Com Vítimas Feridas;Plena Noite;Crescente;Céu Claro;Simples;Reta;Não;262181;Ônibus;SCANIA/MPOLO PARAD GVDDR;2000;Passageiro;Ileso;74;Feminino;1;0;0;0;-18,926;-47,331;SPRF-MG;DEL10-MG;UOP01-DEL10-MG
146503;322322;14/07/2018;sábado;04:00:00;MG;365;514;MONTE CARMELO;Falta de Atenção à Condução;Saída de leito carroçável;Com Vítimas Feridas;Plena Noite;Crescente;Céu Claro;Simples;Reta;Não;262181;Ônibus;SCANIA/MPOLO PARAD GVDDR;2000;Passageiro;Ileso;6;Feminino;1;0;0;0;-18,926;-47,331;SPRF-MG;DEL10-MG;UOP01-DEL10-MG
146503;322324;14/07/2018;sábado;04:00:00;MG;365;514;MONTE CARMELO;Falta de Atenção à Condução;Saída de leito carroçável;Com Vítimas Feridas;Plena Noite;Crescente;Céu Claro;Simples;Reta;Não;262181;Ônibus;SCANIA/MPOLO PARAD GVDDR;2000;Passageiro;Ileso;60;Feminino;1;0;0;0;-18,926;-47,331;SPRF-MG;DEL10-MG;UOP01-DEL10-MG
146503;322327;14/07/2018;sábado;04:00:00;MG;365;514;MONTE CARMELO;Falta de Atenção à Condução;Saída de leito carroçável;Com Vítimas Feridas;Plena Noite;Crescente;Céu Claro;Simples;Reta;Não;262181;Ônibus;SCANIA/MPOLO PARAD GVDDR;2000;Passageiro;Ileso;11;Masculino;1;0;0;0;-18,926;-47,331;SPRF-MG;DEL10-MG;UOP01-DEL10-MG
146503;322328;14/07/2018;sábado;04:00:00;MG;365;514;MONTE CARMELO;Falta de Atenção à Condução;Saída de leito carroçável;Com Vítimas Feridas;Plena Noite;Crescente;Céu Claro;Simples;Reta;Não;262181;Ônibus;SCANIA/MPOLO PARAD GVDDR;2000;Passageiro;Ileso;36;Feminino;1;0;0;0;-18,926;-47,331;SPRF-MG;DEL10-MG;UOP01-DEL10-MG
146503;322329;14/07/2018;sábado;04:00:00;MG;365;514;MONTE CARMELO;Falta de Atenção à Condução;Saída de leito carroçável;Com Vítimas Feridas;Plena Noite;Crescente;Céu Claro;Simples;Reta;Não;262181;Ônibus;SCANIA/MPOLO PARAD GVDDR;2000;Passageiro;Ileso;44;Feminino;1;0;0;0;-18,926;-47,331;SPRF-MG;DEL10-MG;UOP01-DEL10-MG
146503;322330;14/07/2018;sábado;04:00:00;MG;365;514;MONTE CARMELO;Falta de Atenção à Condução;Saída de leito carroçável;Com Vítimas Feridas;Plena Noite;Crescente;Céu Claro;Simples;Reta;Não;262181;Ônibus;SCANIA/MPOLO PARAD GVDDR;2000;Passageiro;Ileso;49;Feminino;1;0;0;0;-18,926;-47,331;SPRF-MG;DEL10-MG;UOP01-DEL10-MG
146503;322335;14/07/2018;sábado;04:00:00;MG;365;514;MONTE CARMELO;Falta de Atenção à Condução;Saída de leito carroçável;Com Vítimas Feridas;Plena Noite;Crescente;Céu Claro;Simples;Reta;Não;262181;Ônibus;SCANIA/MPOLO PARAD GVDDR;2000;Passageiro;Ileso;41;Masculino;1;0;0;0;-18,926;-47,331;SPRF-MG;DEL10-MG;UOP01-DEL10-MG
146503;322339;14/07/2018;sábado;04:00:00;MG;365;514;MONTE CARMELO;Falta de Atenção à Condução;Saída de leito carroçável;Com Vítimas Feridas;Plena Noite;Crescente;Céu Claro;Simples;Reta;Não;262181;Ônibus;SCANIA/MPOLO PARAD GVDDR;2000;Passageiro;Ileso;44;Feminino;1;0;0;0;-18,926;-47,331;SPRF-MG;DEL10-MG;UOP01-DEL10-MG
146503;322298;14/07/2018;sábado;04:00:00;MG;365;514;MONTE CARMELO;Falta de Atenção à Condução;Saída de leito carroçável;Com Vítimas Feridas;Plena Noite;Crescente;Céu Claro;Simples;Reta;Não;262181;Ônibus;SCANIA/MPOLO PARAD GVDDR;2000;Passageiro;Lesões Leves;79;Masculino;0;1;0;0;-18,926;-47,331;SPRF-MG;DEL10-MG;UOP01-DEL10-MG
146503;322285;14/07/2018;sábado;04:00:00;MG;365;514;MONTE CARMELO;Falta de Atenção à Condução;Saída de leito carroçável;Com Vítimas Feridas;Plena Noite;Crescente;Céu Claro;Simples;Reta;Não;262181;Ônibus;SCANIA/MPOLO PARAD GVDDR;2000;Passageiro;Ileso;2017;Masculino;1;0;0;0;-18,926;-47,331;SPRF-MG;DEL10-MG;UOP01-DEL10-MG
146503;322293;14/07/2018;sábado;04:00:00;MG;365;514;MONTE CARMELO;Falta de Atenção à Condução;Saída de leito carroçável;Com Vítimas Feridas;Plena Noite;Crescente;Céu Claro;Simples;Reta;Não;262181;Ônibus;SCANIA/MPOLO PARAD GVDDR;2000;Passageiro;Ileso;18;Feminino;1;0;0;0;-18,926;-47,331;SPRF-MG;DEL10-MG;UOP01-DEL10-MG
146503;322309;14/07/2018;sábado;04:00:00;MG;365;514;MONTE CARMELO;Falta de Atenção à Condução;Saída de leito carroçável;Com Vítimas Feridas;Plena Noite;Crescente;Céu Claro;Simples;Reta;Não;262181;Ônibus;SCANIA/MPOLO PARAD GVDDR;2000;Passageiro;Lesões Leves;78;Feminino;0;1;0;0;-18,926;-47,331;SPRF-MG;DEL10-MG;UOP01-DEL10-MG
146503;322292;14/07/2018;sábado;04:00:00;MG;365;514;MONTE CARMELO;Falta de Atenção à Condução;Saída de leito carroçável;Com Vítimas Feridas;Plena Noite;Crescente;Céu Claro;Simples;Reta;Não;262181;Ônibus;SCANIA/MPOLO PARAD GVDDR;2000;Passageiro;Lesões Leves;2017;Feminino;0;1;0;0;-18,926;-47,331;SPRF-MG;DEL10-MG;UOP01-DEL10-MG
146503;322337;14/07/2018;sábado;04:00:00;MG;365;514;MONTE CARMELO;Falta de Atenção à Condução;Saída de leito carroçável;Com Vítimas Feridas;Plena Noite;Crescente;Céu Claro;Simples;Reta;Não;262181;Ônibus;SCANIA/MPOLO PARAD GVDDR;2000;Passageiro;Lesões Leves;60;Feminino;0;1;0;0;-18,926;-47,331;SPRF-MG;DEL10-MG;UOP01-DEL10-MG
146503;322325;14/07/2018;sábado;04:00:00;MG;365;514;MONTE CARMELO;Falta de Atenção à Condução;Saída de leito carroçável;Com Vítimas Feridas;Plena Noite;Crescente;Céu Claro;Simples;Reta;Não;262181;Ônibus;SCANIA/MPOLO PARAD GVDDR;2000;Passageiro;Ileso;0;Masculino;1;0;0;0;-18,926;-47,331;SPRF-MG;DEL10-MG;UOP01-DEL10-MG
146503;322272;14/07/2018;sábado;04:00:00;MG;365;514;MONTE CARMELO;Falta de Atenção à Condução;Saída de leito carroçável;Com Vítimas Feridas;Plena Noite;Crescente;Céu Claro;Simples;Reta;Não;262181;Ônibus;SCANIA/MPOLO PARAD GVDDR;2000;Passageiro;Lesões Leves;2017;Feminino;0;1;0;0;-18,926;-47,331;SPRF-MG;DEL10-MG;UOP01-DEL10-MG
146503;322306;14/07/2018;sábado;04:00:00;MG;365;514;MONTE CARMELO;Falta de Atenção à Condução;Saída de leito carroçável;Com Vítimas Feridas;Plena Noite;Crescente;Céu Claro;Simples;Reta;Não;262181;Ônibus;SCANIA/MPOLO PARAD GVDDR;2000;Passageiro;Lesões Leves;2017;Feminino;0;1;0;0;-18,926;-47,331;SPRF-MG;DEL10-MG;UOP01-DEL10-MG
146503;322288;14/07/2018;sábado;04:00:00;MG;365;514;MONTE CARMELO;Falta de Atenção à Condução;Saída de leito carroçável;Com Vítimas Feridas;Plena Noite;Crescente;Céu Claro;Simples;Reta;Não;262181;Ônibus;SCANIA/MPOLO PARAD GVDDR;2000;Passageiro;Lesões Graves;80;Feminino;0;0;1;0;-18,926;-47,331;SPRF-MG;DEL10-MG;UOP01-DEL10-MG
146503;322323;14/07/2018;sábado;04:00:00;MG;365;514;MONTE CARMELO;Falta de Atenção à Condução;Saída de leito carroçável;Com Vítimas Feridas;Plena Noite;Crescente;Céu Claro;Simples;Reta;Não;262181;Ônibus;SCANIA/MPOLO PARAD GVDDR;2000;Passageiro;Lesões Leves;43;Masculino;0;1;0;0;-18,926;-47,331;SPRF-MG;DEL10-MG;UOP01-DEL10-MG
146503;322338;14/07/2018;sábado;04:00:00;MG;365;514;MONTE CARMELO;Falta de Atenção à Condução;Saída de leito carroçável;Com Vítimas Feridas;Plena Noite;Crescente;Céu Claro;Simples;Reta;Não;262181;Ônibus;SCANIA/MPOLO PARAD GVDDR;2000;Passageiro;Lesões Leves;62;Feminino;0;1;0;0;-18,926;-47,331;SPRF-MG;DEL10-MG;UOP01-DEL10-MG
146503;322311;14/07/2018;sábado;04:00:00;MG;365;514;MONTE CARMELO;Falta de Atenção à Condução;Saída de leito carroçável;Com Vítimas Feridas;Plena Noite;Crescente;Céu Claro;Simples;Reta;Não;262181;Ônibus;SCANIA/MPOLO PARAD GVDDR;2000;Passageiro;Lesões Leves;64;Feminino;0;1;0;0;-18,926;-47,331;SPRF-MG;DEL10-MG;UOP01-DEL10-MG
146503;322314;14/07/2018;sábado;04:00:00;MG;365;514;MONTE CARMELO;Falta de Atenção à Condução;Saída de leito carroçável;Com Vítimas Feridas;Plena Noite;Crescente;Céu Claro;Simples;Reta;Não;262181;Ônibus;SCANIA/MPOLO PARAD GVDDR;2000;Passageiro;Lesões Leves;57;Feminino;0;1;0;0;-18,926;-47,331;SPRF-MG;DEL10-MG;UOP01-DEL10-MG
146503;322296;14/07/2018;sábado;04:00:00;MG;365;514;MONTE CARMELO;Falta de Atenção à Condução;Saída de leito carroçável;Com Vítimas Feridas;Plena Noite;Crescente;Céu Claro;Simples;Reta;Não;262181;Ônibus;SCANIA/MPOLO PARAD GVDDR;2000;Passageiro;Lesões Leves;1;Masculino;0;1;0;0;-18,926;-47,331;SPRF-MG;DEL10-MG;UOP01-DEL10-MG
146503;322336;14/07/2018;sábado;04:00:00;MG;365;514;MONTE CARMELO;Falta de Atenção à Condução;Saída de leito carroçável;Com Vítimas Feridas;Plena Noite;Crescente;Céu Claro;Simples;Reta;Não;262181;Ônibus;SCANIA/MPOLO PARAD GVDDR;2000;Passageiro;Lesões Leves;10;Feminino;0;1;0;0;-18,926;-47,331;SPRF-MG;DEL10-MG;UOP01-DEL10-MG
146503;322275;14/07/2018;sábado;04:00:00;MG;365;514;MONTE CARMELO;Falta de Atenção à Condução;Saída de leito carroçável;Com Vítimas Feridas;Plena Noite;Crescente;Céu Claro;Simples;Reta;Não;262181;Ônibus;SCANIA/MPOLO PARAD GVDDR;2000;Passageiro;Lesões Leves;2017;Feminino;0;1;0;0;-18,926;-47,331;SPRF-MG;DEL10-MG;UOP01-DEL10-MG
146503;322271;14/07/2018;sábado;04:00:00;MG;365;514;MONTE CARMELO;Falta de Atenção à Condução;Saída de leito carroçável;Com Vítimas Feridas;Plena Noite;Crescente;Céu Claro;Simples;Reta;Não;262181;Ônibus;SCANIA/MPOLO PARAD GVDDR;2000;Passageiro;Lesões Leves;2017;Feminino;0;1;0;0;-18,926;-47,331;SPRF-MG;DEL10-MG;UOP01-DEL10-MG
146503;322353;14/07/2018;sábado;04:00:00;MG;365;514;MONTE CARMELO;Falta de Atenção à Condução;Saída de leito carroçável;Com Vítimas Feridas;Plena Noite;Crescente;Céu Claro;Simples;Reta;Não;262181;Ônibus;SCANIA/MPOLO PARAD GVDDR;2000;Passageiro;Lesões Leves;68;Masculino;0;1;0;0;-18,926;-47,331;SPRF-MG;DEL10-MG;UOP01-DEL10-MG
146503;322287;14/07/2018;sábado;04:00:00;MG;365;514;MONTE CARMELO;Falta de Atenção à Condução;Saída de leito carroçável;Com Vítimas Feridas;Plena Noite;Crescente;Céu Claro;Simples;Reta;Não;262181;Ônibus;SCANIA/MPOLO PARAD GVDDR;2000;Passageiro;Lesões Leves;62;Feminino;0;1;0;0;-18,926;-47,331;SPRF-MG;DEL10-MG;UOP01-DEL10-MG
146503;322317;14/07/2018;sábado;04:00:00;MG;365;514;MONTE CARMELO;Falta de Atenção à Condução;Saída de leito carroçável;Com Vítimas Feridas;Plena Noite;Crescente;Céu Claro;Simples;Reta;Não;262181;Ônibus;SCANIA/MPOLO PARAD GVDDR;2000;Passageiro;Lesões Leves;61;Feminino;0;1;0;0;-18,926;-47,331;SPRF-MG;DEL10-MG;UOP01-DEL10-MG
146503;322319;14/07/2018;sábado;04:00:00;MG;365;514;MONTE CARMELO;Falta de Atenção à Condução;Saída de leito carroçável;Com Vítimas Feridas;Plena Noite;Crescente;Céu Claro;Simples;Reta;Não;262181;Ônibus;SCANIA/MPOLO PARAD GVDDR;2000;Passageiro;Lesões Leves;75;Feminino;0;1;0;0;-18,926;-47,331;SPRF-MG;DEL10-MG;UOP01-DEL10-MG
146503;322299;14/07/2018;sábado;04:00:00;MG;365;514;MONTE CARMELO;Falta de Atenção à Condução;Saída de leito carroçável;Com Vítimas Feridas;Plena Noite;Crescente;Céu Claro;Simples;Reta;Não;262181;Ônibus;SCANIA/MPOLO PARAD GVDDR;2000;Passageiro;Lesões Leves;42;Feminino;0;1;0;0;-18,926;-47,331;SPRF-MG;DEL10-MG;UOP01-DEL10-MG
146503;322304;14/07/2018;sábado;04:00:00;MG;365;514;MONTE CARMELO;Falta de Atenção à Condução;Saída de leito carroçável;Com Vítimas Feridas;Plena Noite;Crescente;Céu Claro;Simples;Reta;Não;262181;Ônibus;SCANIA/MPOLO PARAD GVDDR;2000;Passageiro;Lesões Leves;44;Feminino;0;1;0;0;-18,926;-47,331;SPRF-MG;DEL10-MG;UOP01-DEL10-MG
146503;322331;14/07/2018;sábado;04:00:00;MG;365;514;MONTE CARMELO;Falta de Atenção à Condução;Saída de leito carroçável;Com Vítimas Feridas;Plena Noite;Crescente;Céu Claro;Simples;Reta;Não;262181;Ônibus;SCANIA/MPOLO PARAD GVDDR;2000;Passageiro;Lesões Leves;38;Feminino;0;1;0;0;-18,926;-47,331;SPRF-MG;DEL10-MG;UOP01-DEL10-MG
146503;322334;14/07/2018;sábado;04:00:00;MG;365;514;MONTE CARMELO;Falta de Atenção à Condução;Saída de leito carroçável;Com Vítimas Feridas;Plena Noite;Crescente;Céu Claro;Simples;Reta;Não;262181;Ônibus;SCANIA/MPOLO PARAD GVDDR;2000;Passageiro;Lesões Leves;45;Feminino;0;1;0;0;-18,926;-47,331;SPRF-MG;DEL10-MG;UOP01-DEL10-MG
146503;322303;14/07/2018;sábado;04:00:00;MG;365;514;MONTE CARMELO;Falta de Atenção à Condução;Saída de leito carroçável;Com Vítimas Feridas;Plena Noite;Crescente;Céu Claro;Simples;Reta;Não;262181;Ônibus;SCANIA/MPOLO PARAD GVDDR;2000;Passageiro;Lesões Leves;17;Feminino;0;1;0;0;-18,926;-47,331;SPRF-MG;DEL10-MG;UOP01-DEL10-MG
146503;322281;14/07/2018;sábado;04:00:00;MG;365;514;MONTE CARMELO;Falta de Atenção à Condução;Saída de leito carroçável;Com Vítimas Feridas;Plena Noite;Crescente;Céu Claro;Simples;Reta;Não;262181;Ônibus;SCANIA/MPOLO PARAD GVDDR;2000;Passageiro;Lesões Leves;70;Masculino;0;1;0;0;-18,926;-47,331;SPRF-MG;DEL10-MG;UOP01-DEL10-MG
146503;322291;14/07/2018;sábado;04:00:00;MG;365;514;MONTE CARMELO;Falta de Atenção à Condução;Saída de leito carroçável;Com Vítimas Feridas;Plena Noite;Crescente;Céu Claro;Simples;Reta;Não;262181;Ônibus;SCANIA/MPOLO PARAD GVDDR;2000;Passageiro;Lesões Leves;40;Masculino;0;1;0;0;-18,926;-47,331;SPRF-MG;DEL10-MG;UOP01-DEL10-MG
146503;322274;14/07/2018;sábado;04:00:00;MG;365;514;MONTE CARMELO;Falta de Atenção à Condução;Saída de leito carroçável;Com Vítimas Feridas;Plena Noite;Crescente;Céu Claro;Simples;Reta;Não;262181;Ônibus;SCANIA/MPOLO PARAD GVDDR;2000;Passageiro;Lesões Leves;38;Feminino;0;1;0;0;-18,926;-47,331;SPRF-MG;DEL10-MG;UOP01-DEL10-MG
146503;322321;14/07/2018;sábado;04:00:00;MG;365;514;MONTE CARMELO;Falta de Atenção à Condução;Saída de leito carroçável;Com Vítimas Feridas;Plena Noite;Crescente;Céu Claro;Simples;Reta;Não;262181;Ônibus;SCANIA/MPOLO PARAD GVDDR;2000;Passageiro;Lesões Leves;72;Masculino;0;1;0;0;-18,926;-47,331;SPRF-MG;DEL10-MG;UOP01-DEL10-MG
146566;318851;14/07/2018;sábado;12:30:00;MG;365;517;MONTE CARMELO;Desobediência às normas de trânsito pelo condutor;Colisão transversal;Com Vítimas Feridas;Pleno dia;Crescente;Sol;Simples;Reta;Não;259570;Camioneta;GM/BRASINCA MANGALARGA;1988;Condutor;Ileso;70;Masculino;1;0;0;0;-18,9146;-47,356;SPRF-MG;DEL10-MG;UOP01-DEL10-MG
146566;318852;14/07/2018;sábado;12:30:00;MG;365;517;MONTE CARMELO;Desobediência às normas de trânsito pelo condutor;Colisão transversal;Com Vítimas Feridas;Pleno dia;Crescente;Sol;Simples;Reta;Não;259571;Automóvel;FORD/FIESTA SEDAN1.6FLEX;2007;Condutor;Ileso;35;Masculino;1;0;0;0;-18,9146;-47,356;SPRF-MG;DEL10-MG;UOP01-DEL10-MG
146566;318860;14/07/2018;sábado;12:30:00;MG;365;517;MONTE CARMELO;Desobediência às normas de trânsito pelo condutor;Colisão transversal;Com Vítimas Feridas;Pleno dia;Crescente;Sol;Simples;Reta;Não;259571;Automóvel;FORD/FIESTA SEDAN1.6FLEX;2007;Passageiro;Lesões Leves;8;Masculino;0;1;0;0;-18,9146;-47,356;SPRF-MG;DEL10-MG;UOP01-DEL10-MG
146566;318880;14/07/2018;sábado;12:30:00;MG;365;517;MONTE CARMELO;Desobediência às normas de trânsito pelo condutor;Colisão transversal;Com Vítimas Feridas;Pleno dia;Crescente;Sol;Simples;Reta;Não;259571;Automóvel;FORD/FIESTA SEDAN1.6FLEX;2007;Passageiro;Lesões Leves;50;Feminino;0;1;0;0;-18,9146;-47,356;SPRF-MG;DEL10-MG;UOP01-DEL10-MG
147686;323358;19/07/2018;quinta-feira;21:10:00;MG;365;614;UBERLANDIA;Falta de Atenção à Condução;Colisão traseira;Com Vítimas Feridas;Plena Noite;Crescente;Céu Claro;Simples;Reta;Sim;263001;Automóvel;I/FIAT SIENA EL FLEX;2011;Condutor;Ileso;29;Masculino;1;0;0;0;-18,91227625;-48,21964645;SPRF-MG;DEL15-MG;UOP01-DEL15-MG
147686;323369;19/07/2018;quinta-feira;21:10:00;MG;365;614;UBERLANDIA;Falta de Atenção à Condução;Colisão traseira;Com Vítimas Feridas;Plena Noite;Crescente;Céu Claro;Simples;Reta;Sim;263001;Automóvel;I/FIAT SIENA EL FLEX;2011;Passageiro;Lesões Leves;51;Feminino;0;1;0;0;-18,91227625;-48,21964645;SPRF-MG;DEL15-MG;UOP01-DEL15-MG
147686;323632;19/07/2018;quinta-feira;21:10:00;MG;365;614;UBERLANDIA;Falta de Atenção à Condução;Colisão traseira;Com Vítimas Feridas;Plena Noite;Crescente;Céu Claro;Simples;Reta;Sim;263002;Automóvel;FORD/KA FLEX;2010;Condutor;Lesões Leves;71;Masculino;0;1;0;0;-18,91227625;-48,21964645;SPRF-MG;DEL15-MG;UOP01-DEL15-MG
147686;323366;19/07/2018;quinta-feira;21:10:00;MG;365;614;UBERLANDIA;Falta de Atenção à Condução;Colisão traseira;Com Vítimas Feridas;Plena Noite;Crescente;Céu Claro;Simples;Reta;Sim;263005;Caminhonete;GM/S10 ADVANTAGE D;2007;Condutor;Ileso;51;Masculino;1;0;0;0;-18,91227625;-48,21964645;SPRF-MG;DEL15-MG;UOP01-DEL15-MG
147686;323372;19/07/2018;quinta-feira;21:10:00;MG;365;614;UBERLANDIA;Falta de Atenção à Condução;Colisão traseira;Com Vítimas Feridas;Plena Noite;Crescente;Céu Claro;Simples;Reta;Sim;263005;Caminhonete;GM/S10 ADVANTAGE D;2007;Passageiro;Lesões Leves;47;Feminino;0;1;0;0;-18,91227625;-48,21964645;SPRF-MG;DEL15-MG;UOP01-DEL15-MG
147686;323468;19/07/2018;quinta-feira;21:10:00;MG;365;614;UBERLANDIA;Falta de Atenção à Condução;Colisão traseira;Com Vítimas Feridas;Plena Noite;Crescente;Céu Claro;Simples;Reta;Sim;0;NA;NA/NA;0;Testemunha;Não Informado;0;Não Informado;0;0;0;0;-18,91227625;-48,21964645;SPRF-MG;DEL15-MG;UOP01-DEL15-MG
147816;324168;20/07/2018;sexta-feira;12:30:00;MG;365;594,5;ARAGUARI;Falta de Atenção à Condução;Saída de leito carroçável;Sem Vítimas;Pleno dia;Crescente;Céu Claro;Simples;Reta;Não;262002;Automóvel;GM/PRISMA MAXX;2008;Condutor;Não Informado;0;Não Informado;0;0;0;0;-18,881;-48,059;SPRF-MG;DEL15-MG;UOP02-DEL15-MG
148211;322727;22/07/2018;domingo;05:30:00;MG;365;612;UBERLANDIA;Falta de Atenção à Condução;Colisão lateral;Com Vítimas Feridas;Amanhecer;Decrescente;Céu Claro;Simples;Reta;Sim;262536;Automóvel;VW/LOGUS GL;1993;Condutor;Lesões Leves;58;Masculino;0;1;0;0;-18,91422903;-48,21626187;SPRF-MG;DEL15-MG;UOP01-DEL15-MG