id;pesid;data_inversa;dia_semana;horario;uf;br;km;municipio;causa_acidente;tipo_acidente;classificacao_acidente;fase_dia;sentido_via;condicao_metereologica;tipo_pista;tracado_via;uso_solo;id_veiculo;tipo_veiculo;marca;ano_fabricacao_veiculo;tipo_envolvido;estado_fisico;idade;sexo;ilesos;feridos_leves;feridos_graves;mortos;latitude;longitude;regional;delegacia;uop
148268;323119;22/07/2018;domingo;13:50:00;MG;365;618,6;UBERLANDIA;Defeito Mecânico no Veículo;Danos eventuais;Com Vítimas Feridas;Pleno dia;Decrescente;Céu Claro;Múltipla;"Declive;Reta";Sim;262761;Automóvel;VW/FUSCA 1500;1970;Condutor;Lesões Leves;28;Masculino;0;1;0;0;-18,891572;-48,254792;SPRF-MG;DEL15-MG;UOP01-DEL15-MG
148437;326073;23/07/2018;segunda-feira;07:15:00;MG;365;589,1;INDIANOPOLIS;Restrição de Visibilidade;Colisão traseira;Com Vítimas Feridas;Pleno dia;Decrescente;Sol;Simples;Curva;Não;263259;Motocicleta;HONDA/CBX 250 TWISTER;2008;Condutor;Lesões Graves;27;Feminino;0;0;1;0;-18,86760862;-48,02038729;SPRF-MG;DEL15-MG;UOP02-DEL15-MG
148437;326085;23/07/2018;segunda-feira;07:15:00;MG;365;589,1;INDIANOPOLIS;Restrição de Visibilidade;Colisão traseira;Com Vítimas Feridas;Pleno dia;Decrescente;Sol;Simples;Curva;Não;263260;Caminhonete;NISSAN/FRONTIER SL 4X4;2014;Condutor;Ileso;34;Masculino;1;0;0;0;-18,86760862;-48,02038729;SPRF-MG;DEL15-MG;UOP02-DEL15-MG
148437;326122;23/07/2018;segunda-feira;07:15:00;MG;365;589,1;INDIANOPOLIS;Restrição de Visibilidade;Colisão traseira;Com Vítimas Feridas;Pleno dia;Decrescente;Sol;Simples;Curva;Não;263260;Caminhonete;NISSAN/FRONTIER SL 4X4;2014;Passageiro;Ileso;0;Feminino;1;0;0;0;-18,86760862;-48,02038729;SPRF-MG;DEL15-MG;UOP02-DEL15-MG
148437;326124;23/07/2018;segunda-feira;07:15:00;MG;365;589,1;INDIANOPOLIS;Restrição de Visibilidade;Colisão traseira;Com Vítimas Feridas;Pleno dia;Decrescente;Sol;Simples;Curva;Não;263260;Caminhonete;NISSAN/FRONTIER SL 4X4;2014;Passageiro;Ileso;0;Feminino;1;0;0;0;-18,86760862;-48,02038729;SPRF-MG;DEL15-MG;UOP02-DEL15-MG
148437;326079;23/07/2018;segunda-feira;07:15:00;MG;365;589,1;INDIANOPOLIS;Restrição de Visibilidade;Colisão traseira;Com Vítimas Feridas;Pleno dia;Decrescente;Sol;Simples;Curva;Não;263261;Caminhonete;CHEVROLET/S10 LTZ DD2;2012;Condutor;Ileso;36;Masculino;1;0;0;0;-18,86760862;-48,02038729;SPRF-MG;DEL15-MG;UOP02-DEL15-MG
148516;324890;23/07/2018;segunda-feira;16:30:00;MG;365;503;PATROCINIO;Falta de Atenção à Condução;Colisão transversal;Com Vítimas Feridas;Pleno dia;Decrescente;Céu Claro;Simples;"Declive;Reta";Não;263249;Automóvel;VW/FOX 1.0 GII;2010;Passageiro;Lesões Leves;25;Feminino;0;1;0;0;-18,95968733;-47,23834634;SPRF-MG;DEL10-MG;UOP01-DEL10-MG
148516;324893;23/07/2018;segunda-feira;16:30:00;MG;365;503;PATROCINIO;Falta de Atenção à Condução;Colisão transversal;Com Vítimas Feridas;Pleno dia;Decrescente;Céu Claro;Simples;"Declive;Reta";Não;263249;Automóvel;VW/FOX 1.0 GII;2010;Passageiro;Lesões Leves;19;Masculino;0;1;0;0;-18,95968733;-47,23834634;SPRF-MG;DEL10-MG;UOP01-DEL10-MG
148516;324888;23/07/2018;segunda-feira;16:30:00;MG;365;503;PATROCINIO;Falta de Atenção à Condução;Colisão transversal;Com Vítimas Feridas;Pleno dia;Decrescente;Céu Claro;Simples;"Declive;Reta";Não;263249;Automóvel;VW/FOX 1.0 GII;2010;Condutor;Lesões Graves;61;Masculino;0;0;1;0;-18,95968733;-47,23834634;SPRF-MG;DEL10-MG;UOP01-DEL10-MG
148516;324902;23/07/2018;segunda-feira;16:30:00;MG;365;503;PATROCINIO;Falta de Atenção à Condução;Colisão transversal;Com Vítimas Feridas;Pleno dia;Decrescente;Céu Claro;Simples;"Declive;Reta";Não;263250;Caminhonete;I/VW AMAROK CD 4X4 SE;2012;Condutor;Ileso;38;Masculino;1;0;0;0;-18,95968733;-47,23834634;SPRF-MG;DEL10-MG;UOP01-DEL10-MG
148516;324908;23/07/2018;segunda-feira;16:30:00;MG;365;503;PATROCINIO;Falta de Atenção à Condução;Colisão transversal;Com Vítimas Feridas;Pleno dia;Decrescente;Céu Claro;Simples;"Declive;Reta";Não;263250;Caminhonete;I/VW AMAROK CD 4X4 SE;2012;Passageiro;Ileso;44;Feminino;1;0;0;0;-18,95968733;-47,23834634;SPRF-MG;DEL10-MG;UOP01-DEL10-MG
149210;328009;27/07/2018;sexta-feira;13:20:00;MG;365;489;PATROCINIO;Não guardar distância de segurança;Colisão traseira;Com Vítimas Feridas;Pleno dia;Crescente;Céu Claro;Simples;"Declive;Reta";Não;264709;Automóvel;FIAT/BRAVO ABSOLUTE DUAL;2011;Condutor;Lesões Leves;76;Masculino;0;1;0;0;-18,9;-47,133;SPRF-MG;DEL10-MG;UOP01-DEL10-MG
149234;325503;19/07/2018;quinta-feira;08:55:00;MG;365;625;UBERLANDIA;Pista Escorregadia;Tombamento;Com Vítimas Feridas;Pleno dia;Decrescente;Céu Claro;Dupla;Curva;Sim;264525;Motocicleta;HONDA/CG 125 FAN ES;2011;Condutor;Lesões Leves;0;Feminino;0;1;0;0;-18,91002673;-48,30298752;SPRF-MG;DEL15-MG;UOP01-DEL15-MG
149353;327220;28/07/2018;sábado;01:00:00;MG;365;670;MONTE ALEGRE DE MINAS;Ingestão de Álcool;Saída de leito carroçável;Sem Vítimas;Plena Noite;Decrescente;Céu Claro;Dupla;Reta;Não;264754;Automóvel;VW/GOL 1000I;1995;Condutor;Ileso;34;Masculino;1;0;0;0;-18,8921;-48,6881;SPRF-MG;DEL15-MG;UOP01-DEL15-MG
149507;326208;28/07/2018;sábado;19:50:00;MG;365;491;PATROCINIO;Deficiência ou não Acionamento do Sistema de Iluminação/Sinalização do Veículo;Colisão traseira;Com Vítimas Feridas;Plena Noite;Crescente;Céu Claro;Simples;Reta;Não;265051;Bicicleta;Não Informado/Não Informado;0;Condutor;Lesões Leves;19;Masculino;0;1;0;0;-18,90361;-47,147499;SPRF-MG;DEL10-MG;UOP01-DEL10-MG
149507;326197;28/07/2018;sábado;19:50:00;MG;365;491;PATROCINIO;Deficiência ou não Acionamento do Sistema de Iluminação/Sinalização do Veículo;Colisão traseira;Com Vítimas Feridas;Plena Noite;Crescente;Céu Claro;Simples;Reta;Não;265050;Automóvel;VW/GOL SPECIAL;1999;Condutor;Ileso;52;Masculino;1;0;0;0;-18,90361;-47,147499;SPRF-MG;DEL10-MG;UOP01-DEL10-MG
149507;326205;28/07/2018;sábado;19:50:00;MG;365;491;PATROCINIO;Deficiência ou não Acionamento do Sistema de Iluminação/Sinalização do Veículo;Colisão traseira;Com Vítimas Feridas;Plena Noite;Crescente;Céu Claro;Simples;Reta;Não;265050;Automóvel;VW/GOL SPECIAL;1999;Passageiro;Ileso;51;Feminino;1;0;0;0;-18,90361;-47,147499;SPRF-MG;DEL10-MG;UOP01-DEL10-MG
149651;326466;29/07/2018;domingo;14:45:00;MG;365;503;PATROCINIO;Falta de Atenção à Condução;Colisão transversal;Com Vítimas Feridas;Pleno dia;Crescente;Sol;Simples;Reta;Não;265378;Automóvel;VW/GOL 1.6 POWER;2011;Condutor;Ileso;36;Masculino;1;0;0;0;-18,9599;-47,2384;SPRF-MG;DEL10-MG;UOP01-DEL10-MG
149651;326470;29/07/2018;domingo;14:45:00;MG;365;503;PATROCINIO;Falta de Atenção à Condução;Colisão transversal;Com Vítimas Feridas;Pleno dia;Crescente;Sol;Simples;Reta;Não;265379;Motocicleta;HONDA/NXR150 BROS ES;2011;Condutor;Lesões Graves;54;Masculino;0;0;1;0;-18,9599;-47,2384;SPRF-MG;DEL10-MG;UOP01-DEL10-MG
150135;327520;31/07/2018;terça-feira;20:00:00;MG;365;630,6;UBERLANDIA;Velocidade Incompatível;Queda de ocupante de veículo;Com Vítimas Feridas;Anoitecer;Decrescente;Céu Claro;Dupla;Reta;Não;266215;Bicicleta;Não Informado/Não Informado;0;Condutor;Lesões Graves;43;Masculino;0;0;1;0;-18,90563689;-48,3405304;SPRF-MG;DEL15-MG;UOP01-DEL15-MG
150135;327522;31/07/2018;terça-feira;20:00:00;MG;365;630,6;UBERLANDIA;Velocidade Incompatível;Queda de ocupante de veículo;Com Vítimas Feridas;Anoitecer;Decrescente;Céu Claro;Dupla;Reta;Não;0;NA;NA/NA;0;Testemunha;Não Informado;0;Não Informado;0;0;0;0;-18,90563689;-48,3405304;SPRF-MG;DEL15-MG;UOP01-DEL15-MG
150169;328528;01/08/2018;quarta-feira;00:45:00;MG;365;464;PATROCINIO;Não guardar distância de segurança;Saída de leito carroçável;Com Vítimas Feridas;Plena Noite;Crescente;Céu Claro;Simples;"Declive;Reta";Não;266348;Automóvel;VW/GOLF;2002;Condutor;Lesões Leves;36;Masculino;0;1;0;0;-18,889;-46,934;SPRF-MG;DEL10-MG;UOP01-DEL10-MG
150445;330549;02/08/2018;quinta-feira;14:35:00;MG;365;567,1;INDIANOPOLIS;Falta de Atenção à Condução;Colisão lateral;Com Vítimas Feridas;Pleno dia;Decrescente;Céu Claro;Simples;Reta;Não;268592;Automóvel;HYUNDAI/HB20S 1.6A COMF;2014;Passageiro;Lesões Leves;28;Masculino;0;1;0;0;-18,91830368;-47,80760765;SPRF-MG;DEL15-MG;UOP02-DEL15-MG
150445;330553;02/08/2018;quinta-feira;14:35:00;MG;365;567,1;INDIANOPOLIS;Falta de Atenção à Condução;Colisão lateral;Com Vítimas Feridas;Pleno dia;Decrescente;Céu Claro;Simples;Reta;Não;268592;Automóvel;HYUNDAI/HB20S 1.6A COMF;2014;Passageiro;Lesões Graves;22;Feminino;0;0;1;0;-18,91830368;-47,80760765;SPRF-MG;DEL15-MG;UOP02-DEL15-MG
150445;331735;02/08/2018;quinta-feira;14:35:00;MG;365;567,1;INDIANOPOLIS;Falta de Atenção à Condução;Colisão lateral;Com Vítimas Feridas;Pleno dia;Decrescente;Céu Claro;Simples;Reta;Não;268592;Automóvel;HYUNDAI/HB20S 1.6A COMF;2014;Condutor;Lesões Graves;70;Masculino;0;0;1;0;-18,91830368;-47,80760765;SPRF-MG;DEL15-MG;UOP02-DEL15-MG
150445;330552;02/08/2018;quinta-feira;14:35:00;MG;365;567,1;INDIANOPOLIS;Falta de Atenção à Condução;Colisão lateral;Com Vítimas Feridas;Pleno dia;Decrescente;Céu Claro;Simples;Reta;Não;268592;Automóvel;HYUNDAI/HB20S 1.6A COMF;2014;Passageiro;Lesões Leves;63;Feminino;0;1;0;0;-18,91830368;-47,80760765;SPRF-MG;DEL15-MG;UOP02-DEL15-MG
150980;329606;04/08/2018;sábado;18:20:00;MG;365;626;UBERLANDIA;Velocidade Incompatível;Tombamento;Com Vítimas Feridas;Anoitecer;Decrescente;Garoa/Chuvisco;Dupla;Reta;Sim;267819;Motocicleta;YAMAHA/FAZER YS250;2008;Condutor;Lesões Leves;24;Masculino;0;1;0;0;-18,9065504;-48,29669237;SPRF-MG;DEL15-MG;UOP01-DEL15-MG
151431;330473;06/08/2018;segunda-feira;16:10:00;MG;365;729,5;MONTE ALEGRE DE MINAS;Defeito Mecânico no Veículo;Saída de leito carroçável;Com Vítimas Feridas;Pleno dia;Crescente;Céu Claro;Simples;Curva;Não;268527;Automóvel;IMP/VW POLO CLAS. 1.8 MI;1999;Condutor;Lesões Leves;54;Masculino;0;1;0;0;-18,89663246;-49,25044865;SPRF-MG;DEL15-MG;UOP03-DEL15-MG
151525;330749;11/06/2018;segunda-feira;02:20:00;MG;365;638,2;UBERLANDIA;Falta de Atenção à Condução;Colisão traseira;Com Vítimas Fatais;Plena Noite;Decrescente;Céu Claro;Dupla;Reta;Não;268752;Ônibus;VOLVO/MPOLO PARADISO R;2011;Passageiro;Lesões Leves;20;Masculino;0;1;0;0;-18,9146078;-48,2753801;SPRF-MG;DEL15-MG;UOP01-DEL15-MG
151525;330753;11/06/2018;segunda-feira;02:20:00;MG;365;638,2;UBERLANDIA;Falta de Atenção à Condução;Colisão traseira;Com Vítimas Fatais;Plena Noite;Decrescente;Céu Claro;Dupla;Reta;Não;268752;Ônibus;VOLVO/MPOLO PARADISO R;2011;Condutor;Ileso;35;Masculino;1;0;0;0;-18,9146078;-48,2753801;SPRF-MG;DEL15-MG;UOP01-DEL15-MG
151525;330760;11/06/2018;segunda-feira;02:20:00;MG;365;638,2;UBERLANDIA;Falta de Atenção à Condução;Colisão traseira;Com Vítimas Fatais;Plena Noite;Decrescente;Céu Claro;Dupla;Reta;Não;268752;Ônibus;VOLVO/MPOLO PARADISO R;2011;Passageiro;Lesões Leves;37;Feminino;0;1;0;0;-18,9146078;-48,2753801;SPRF-MG;DEL15-MG;UOP01-DEL15-MG
151525;330767;11/06/2018;segunda-feira;02:20:00;MG;365;638,2;UBERLANDIA;Falta de Atenção à Condução;Colisão traseira;Com Vítimas Fatais;Plena Noite;Decrescente;Céu Claro;Dupla;Reta;Não;268752;Ônibus;VOLVO/MPOLO PARADISO R;2011;Passageiro;Lesões Leves;30;Feminino;0;1;0;0;-18,9146078;-48,2753801;SPRF-MG;DEL15-MG;UOP01-DEL15-MG
151525;330746;11/06/2018;segunda-feira;02:20:00;MG;365;638,2;UBERLANDIA;Falta de Atenção à Condução;Colisão traseira;Com Vítimas Fatais;Plena Noite;Decrescente;Céu Claro;Dupla;Reta;Não;268752;Ônibus;VOLVO/MPOLO PARADISO R;2011;Passageiro;Lesões Leves;55;Masculino;0;1;0;0;-18,9146078;-48,2753801;SPRF-MG;DEL15-MG;UOP01-DEL15-MG
151525;330747;11/06/2018;segunda-feira;02:20:00;MG;365;638,2;UBERLANDIA;Falta de Atenção à Condução;Colisão traseira;Com Vítimas Fatais;Plena Noite;Decrescente;Céu Claro;Dupla;Reta;Não;268752;Ônibus;VOLVO/MPOLO PARADISO R;2011;Passageiro;Lesões Leves;44;Feminino;0;1;0;0;-18,9146078;-48,2753801;SPRF-MG;DEL15-MG;UOP01-DEL15-MG
151525;330762;11/06/2018;segunda-feira;02:20:00;MG;365;638,2;UBERLANDIA;Falta de Atenção à Condução;Colisão traseira;Com Vítimas Fatais;Plena Noite;Decrescente;Céu Claro;Dupla;Reta;Não;268752;Ônibus;VOLVO/MPOLO PARADISO R;2011;Passageiro;Lesões Leves;1;Feminino;0;1;0;0;-18,9146078;-48,2753801;SPRF-MG;DEL15-MG;UOP01-DEL15-MG
151525;330763;11/06/2018;segunda-feira;02:20:00;MG;365;638,2;UBERLANDIA;Falta de Atenção à Condução;Colisão traseira;Com Vítimas Fatais;Plena Noite;Decrescente;Céu Claro;Dupla;Reta;Não;268752;Ônibus;VOLVO/MPOLO PARADISO R;2011;Passageiro;Lesões Leves;46;Masculino;0;1;0;0;-18,9146078;-48,2753801;SPRF-MG;DEL15-MG;UOP01-DEL15-MG
151525;330775;11/06/2018;segunda-feira;02:20:00;MG;365;638,2;UBERLANDIA;Falta de Atenção à Condução;Colisão traseira;Com Vítimas Fatais;Plena Noite;Decrescente;Céu Claro;Dupla;Reta;Não;268752;Ônibus;VOLVO/MPOLO PARADISO R;2011;Passageiro;Lesões Leves;1;Feminino;0;1;0;0;-18,9146078;-48,2753801;SPRF-MG;DEL15-MG;UOP01-DEL15-MG
151525;330759;11/06/2018;segunda-feira;02:20:00;MG;365;638,2;UBERLANDIA;Falta de Atenção à Condução;Colisão traseira;Com Vítimas Fatais;Plena Noite;Decrescente;Céu Claro;Dupla;Reta;Não;268752;Ônibus;VOLVO/MPOLO PARADISO R;2011;Passageiro;Lesões Leves;28;Feminino;0;1;0;0;-18,9146078;-48,2753801;SPRF-MG;DEL15-MG;UOP01-DEL15-MG
151525;330766;11/06/2018;segunda-feira;02:20:00;MG;365;638,2;UBERLANDIA;Falta de Atenção à Condução;Colisão traseira;Com Vítimas Fatais;Plena Noite;Decrescente;Céu Claro;Dupla;Reta;Não;268752;Ônibus;VOLVO/MPOLO PARADISO R;2011;Passageiro;Lesões Leves;19;Feminino;0;1;0;0;-18,9146078;-48,2753801;SPRF-MG;DEL15-MG;UOP01-DEL15-MG
151525;330771;11/06/2018;segunda-feira;02:20:00;MG;365;638,2;UBERLANDIA;Falta de Atenção à Condução;Colisão traseira;Com Vítimas Fatais;Plena Noite;Decrescente;Céu Claro;Dupla;Reta;Não;268752;Ônibus;VOLVO/MPOLO PARADISO R;2011;Passageiro;Lesões Leves;53;Feminino;0;1;0;0;-18,9146078;-48,2753801;SPRF-MG;DEL15-MG;UOP01-DEL15-MG
151525;330751;11/06/2018;segunda-feira;02:20:00;MG;365;638,2;UBERLANDIA;Falta de Atenção à Condução;Colisão traseira;Com Vítimas Fatais;Plena Noite;Decrescente;Céu Claro;Dupla;Reta;Não;268752;Ônibus;VOLVO/MPOLO PARADISO R;2011;Passageiro;Lesões Leves;32;Masculino;0;1;0;0;-18,9146078;-48,2753801;SPRF-MG;DEL15-MG;UOP01-DEL15-MG
151525;330752;11/06/2018;segunda-feira;02:20:00;MG;365;638,2;UBERLANDIA;Falta de Atenção à Condução;Colisão traseira;Com Vítimas Fatais;Plena Noite;Decrescente;Céu Claro;Dupla;Reta;Não;268752;Ônibus;VOLVO/MPOLO PARADISO R;2011;Passageiro;Lesões Leves;22;Masculino;0;1;0;0;-18,9146078;-48,2753801;SPRF-MG;DEL15-MG;UOP01-DEL15-MG
151525;330754;11/06/2018;segunda-feira;02:20:00;MG;365;638,2;UBERLANDIA;Falta de Atenção à Condução;Colisão traseira;Com Vítimas Fatais;Plena Noite;Decrescente;Céu Claro;Dupla;Reta;Não;268752;Ônibus;VOLVO/MPOLO PARADISO R;2011;Passageiro;Lesões Leves;76;Masculino;0;1;0;0;-18,9146078;-48,2753801;SPRF-MG;DEL15-MG;UOP01-DEL15-MG
151525;330755;11/06/2018;segunda-feira;02:20:00;MG;365;638,2;UBERLANDIA;Falta de Atenção à Condução;Colisão traseira;Com Vítimas Fatais;Plena Noite;Decrescente;Céu Claro;Dupla;Reta;Não;268752;Ônibus;VOLVO/MPOLO PARADISO R;2011;Passageiro;Lesões Leves;46;Masculino;0;1;0;0;-18,9146078;-48,2753801;SPRF-MG;DEL15-MG;UOP01-DEL15-MG
151525;330770;11/06/2018;segunda-feira;02:20:00;MG;365;638,2;UBERLANDIA;Falta de Atenção à Condução;Colisão traseira;Com Vítimas Fatais;Plena Noite;Decrescente;Céu Claro;Dupla;Reta;Não;268752;Ônibus;VOLVO/MPOLO PARADISO R;2011;Passageiro;Lesões Leves;19;Feminino;0;1;0;0;-18,9146078;-48,2753801;SPRF-MG;DEL15-MG;UOP01-DEL15-MG
151525;330773;11/06/2018;segunda-feira;02:20:00;MG;365;638,2;UBERLANDIA;Falta de Atenção à Condução;Colisão traseira;Com Vítimas Fatais;Plena Noite;Decrescente;Céu Claro;Dupla;Reta;Não;268752;Ônibus;VOLVO/MPOLO PARADISO R;2011;Passageiro;Lesões Leves;53;Masculino;0;1;0;0;-18,9146078;-48,2753801;SPRF-MG;DEL15-MG;UOP01-DEL15-MG
151525;330750;11/06/2018;segunda-feira;02:20:00;MG;365;638,2;UBERLANDIA;Falta de Atenção à Condução;Colisão traseira;Com Vítimas Fatais;Plena Noite;Decrescente;Céu Claro;Dupla;Reta;Não;268752;Ônibus;VOLVO/MPOLO PARADISO R;2011;Passageiro;Lesões Leves;43;Feminino;0;1;0;0;-18,9146078;-48,2753801;SPRF-MG;DEL15-MG;UOP01-DEL15-MG
151525;330756;11/06/2018;segunda-feira;02:20:00;MG;365;638,2;UBERLANDIA;Falta de Atenção à Condução;Colisão traseira;Com Vítimas Fatais;Plena Noite;Decrescente;Céu Claro;Dupla;Reta;Não;268752;Ônibus;VOLVO/MPOLO PARADISO R;2011;Passageiro;Lesões Leves;45;Masculino;0;1;0;0;-18,9146078;-48,2753801;SPRF-MG;DEL15-MG;UOP01-DEL15-MG
151525;330758;11/06/2018;segunda-feira;02:20:00;MG;365;638,2;UBERLANDIA;Falta de Atenção à Condução;Colisão traseira;Com Vítimas Fatais;Plena Noite;Decrescente;Céu Claro;Dupla;Reta;Não;268752;Ônibus;VOLVO/MPOLO PARADISO R;2011;Passageiro;Lesões Leves;0;Masculino;0;1;0;0;-18,9146078;-48,2753801;SPRF-MG;DEL15-MG;UOP01-DEL15-MG
151525;331010;11/06/2018;segunda-feira;02:20:00;MG;365;638,2;UBERLANDIA;Falta de Atenção à Condução;Colisão traseira;Com Vítimas Fatais;Plena Noite;Decrescente;Céu Claro;Dupla;Reta;Não;268752;Ônibus;VOLVO/MPOLO PARADISO R;2011;Passageiro;Lesões Leves;59;Masculino;0;1;0;0;-18,9146078;-48,2753801;SPRF-MG;DEL15-MG;UOP01-DEL15-MG
151525;330761;11/06/2018;segunda-feira;02:20:00;MG;365;638,2;UBERLANDIA;Falta de Atenção à Condução;Colisão traseira;Com Vítimas Fatais;Plena Noite;Decrescente;Céu Claro;Dupla;Reta;Não;268752;Ônibus;VOLVO/MPOLO PARADISO R;2011;Passageiro;Lesões Leves;49;Masculino;0;1;0;0;-18,9146078;-48,2753801;SPRF-MG;DEL15-MG;UOP01-DEL15-MG
151525;330769;11/06/2018;segunda-feira;02:20:00;MG;365;638,2;UBERLANDIA;Falta de Atenção à Condução;Colisão traseira;Com Vítimas Fatais;Plena Noite;Decrescente;Céu Claro;Dupla;Reta;Não;268752;Ônibus;VOLVO/MPOLO PARADISO R;2011;Passageiro;Lesões Leves;48;Masculino;0;1;0;0;-18,9146078;-48,2753801;SPRF-MG;DEL15-MG;UOP01-DEL15-MG
151525;330764;11/06/2018;segunda-feira;02:20:00;MG;365;638,2;UBERLANDIA;Falta de Atenção à Condução;Colisão traseira;Com Vítimas Fatais;Plena Noite;Decrescente;Céu Claro;Dupla;Reta;Não;268752;Ônibus;VOLVO/MPOLO PARADISO R;2011;Passageiro;Lesões Leves;20;Masculino;0;1;0;0;-18,9146078;-48,2753801;SPRF-MG;DEL15-MG;UOP01-DEL15-MG
151525;330765;11/06/2018;segunda-feira;02:20:00;MG;365;638,2;UBERLANDIA;Falta de Atenção à Condução;Colisão traseira;Com Vítimas Fatais;Plena Noite;Decrescente;Céu Claro;Dupla;Reta;Não;268752;Ônibus;VOLVO/MPOLO PARADISO R;2011;Passageiro;Lesões Leves;43;Masculino;0;1;0;0;-18,9146078;-48,2753801;SPRF-MG;DEL15-MG;UOP01-DEL15-MG
151525;330768;11/06/2018;segunda-feira;02:20:00;MG;365;638,2;UBERLANDIA;Falta de Atenção à Condução;Colisão traseira;Com Vítimas Fatais;Plena Noite;Decrescente;Céu Claro;Dupla;Reta;Não;268752;Ônibus;VOLVO/MPOLO PARADISO R;2011;Passageiro;Lesões Leves;30;Feminino;0;1;0;0;-18,9146078;-48,2753801;SPRF-MG;DEL15-MG;UOP01-DEL15-MG
151525;330772;11/06/2018;segunda-feira;02:20:00;MG;365;638,2;UBERLANDIA;Falta de Atenção à Condução;Colisão traseira;Com Vítimas Fatais;Plena Noite;Decrescente;Céu Claro;Dupla;Reta;Não;268752;Ônibus;VOLVO/MPOLO PARADISO R;2011;Passageiro;Lesões Leves;30;Masculino;0;1;0;0;-18,9146078;-48,2753801;SPRF-MG;DEL15-MG;UOP01-DEL15-MG
151525;330774;11/06/2018;segunda-feira;02:20:00;MG;365;638,2;UBERLANDIA;Falta de Atenção à Condução;Colisão traseira;Com Vítimas Fatais;Plena Noite;Decrescente;Céu Claro;Dupla;Reta;Não;268752;Ônibus;VOLVO/MPOLO PARADISO R;2011;Passageiro;Lesões Leves;30;Feminino;0;1;0;0;-18,9146078;-48,2753801;SPRF-MG;DEL15-MG;UOP01-DEL15-MG
151525;330748;11/06/2018;segunda-feira;02:20:00;MG;365;638,2;UBERLANDIA;Falta de Atenção à Condução;Colisão traseira;Com Vítimas Fatais;Plena Noite;Decrescente;Céu Claro;Dupla;Reta;Não;268752;Ônibus;VOLVO/MPOLO PARADISO R;2011;Passageiro;Lesões Leves;20;Masculino;0;1;0;0;-18,9146078;-48,2753801;SPRF-MG;DEL15-MG;UOP01-DEL15-MG
151525;330776;11/06/2018;segunda-feira;02:20:00;MG;365;638,2;UBERLANDIA;Falta de Atenção à Condução;Colisão traseira;Com Vítimas Fatais;Plena Noite;Decrescente;Céu Claro;Dupla;Reta;Não;268752;Ônibus;VOLVO/MPOLO PARADISO R;2011;Passageiro;Óbito;34;Masculino;0;0;0;1;-18,9146078;-48,2753801;SPRF-MG;DEL15-MG;UOP01-DEL15-MG
151623;331019;18/07/2018;quarta-feira;06:50:00;MG;365;622;UBERLANDIA;Falta de Atenção à Condução;Colisão com objeto estático;Com Vítimas Feridas;Pleno dia;Crescente;Céu Claro;Dupla;Curva;Sim;268969;Motoneta;HONDA/BIZ 125 ES;2008;Condutor;Lesões Leves;0;Masculino;0;1;0;0;-18,8974;-48,2715;SPRF-MG;DEL15-MG;UOP01-DEL15-MG
151663;331579;08/08/2018;quarta-feira;04:10:00;MG;365;665;MONTE ALEGRE DE MINAS;Desobediência às normas de trânsito pelo condutor;Colisão lateral;Sem Vítimas;Plena Noite;Decrescente;Céu Claro;Dupla;Reta;Não;269071;Ônibus;VOLVO/MPOLO PARADISO LDR;2007;Condutor;Ileso;40;Masculino;1;0;0;0;-18,89073595;-48,69666338;SPRF-MG;DEL15-MG;UOP01-DEL15-MG
151671;331394;08/08/2018;quarta-feira;07:40:00;MG;365;715,5;MONTE ALEGRE DE MINAS;Não guardar distância de segurança;Colisão frontal;Com Vítimas Feridas;Pleno dia;Crescente;Céu Claro;Simples;"Reta;Declive";Não;269174;Automóvel;FIAT/PALIO FIRE FLEX;2006;Passageiro;Lesões Graves;40;Feminino;0;0;1;0;-18,878855;-49,05484;SPRF-MG;DEL15-MG;UOP03-DEL15-MG
151671;331391;08/08/2018;quarta-feira;07:40:00;MG;365;715,5;MONTE ALEGRE DE MINAS;Não guardar distância de segurança;Colisão frontal;Com Vítimas Feridas;Pleno dia;Crescente;Céu Claro;Simples;"Reta;Declive";Não;269174;Automóvel;FIAT/PALIO FIRE FLEX;2006;Condutor;Lesões Leves;44;Masculino;0;1;0;0;-18,878855;-49,05484;SPRF-MG;DEL15-MG;UOP03-DEL15-MG