id;pesid;data_inversa;dia_semana;horario;uf;br;km;municipio;causa_acidente;tipo_acidente;classificacao_acidente;fase_dia;sentido_via;condicao_metereologica;tipo_pista;tracado_via;uso_solo;id_veiculo;tipo_veiculo;marca;ano_fabricacao_veiculo;tipo_envolvido;estado_fisico;idade;sexo;ilesos;feridos_leves;feridos_graves;mortos;latitude;longitude;regional;delegacia;uop
168559;369527;30/10/2018;terça-feira;10:00:00;MG;365;681,2;MONTE ALEGRE DE MINAS;Animais na Pista;Atropelamento de Animal;Sem Vítimas;Pleno dia;Crescente;Sol;Dupla;Reta;Não;299586;Caminhonete;I/TOYOTA HILUX CD4X4 STD;2012;Condutor;Ileso;31;Masculino;1;0;0;0;-18,8506958;-48,8047953;SPRF-MG;DEL15-MG;UOP01-DEL15-MG
168753;370065;31/10/2018;quarta-feira;10:00:00;MG;365;451,7;GUIMARANIA;Desobediência às normas de trânsito pelo condutor;Colisão transversal;Com Vítimas Feridas;Pleno dia;Crescente;Céu Claro;Simples;"Interseção de Vias;Reta";Não;300019;Automóvel;VW/FUSCA;1985;Condutor;Lesões Leves;59;Masculino;0;1;0;0;-18,84138;-46,8546;SPRF-MG;DEL10-MG;UOP01-DEL10-MG
168839;370413;31/10/2018;quarta-feira;19:00:00;MG;365;677,8;MONTE ALEGRE DE MINAS;Objeto estático sobre o leito carroçável;Colisão com objeto estático;Com Vítimas Feridas;Plena Noite;Decrescente;Chuva;Dupla;Reta;Não;300216;Automóvel;I/FORD FOCUS SE AT 1.6 H;2014;Condutor;Lesões Leves;32;Masculino;0;1;0;0;-18,85643236;-48,77556056;SPRF-MG;DEL15-MG;UOP01-DEL15-MG
168958;370470;01/11/2018;quinta-feira;15:45:00;MG;365;610;UBERLANDIA;Falta de Atenção à Condução;Colisão traseira;Com Vítimas Feridas;Pleno dia;Crescente;Céu Claro;Dupla;Reta;Sim;300334;Motocicleta;HONDA/CG 125 FAN;2006;Condutor;Lesões Graves;20;Masculino;0;0;1;0;-18,92244454;-48,18436146;SPRF-MG;DEL15-MG;UOP01-DEL15-MG
169110;370761;02/11/2018;sexta-feira;08:00:00;MG;365;463,3;PATROCINIO;Avarias e/ou desgaste excessivo no pneu;Colisão com objeto em movimento;Com Vítimas Feridas;Pleno dia;Decrescente;Céu Claro;Simples;Reta;Não;300589;Automóvel;VW/NOVO VOYAGE TL MBV;2017;Condutor;Ileso;49;Masculino;1;0;0;0;-18,8844;-46,92464;SPRF-MG;DEL10-MG;UOP01-DEL10-MG
169110;370762;02/11/2018;sexta-feira;08:00:00;MG;365;463,3;PATROCINIO;Avarias e/ou desgaste excessivo no pneu;Colisão com objeto em movimento;Com Vítimas Feridas;Pleno dia;Decrescente;Céu Claro;Simples;Reta;Não;300589;Automóvel;VW/NOVO VOYAGE TL MBV;2017;Passageiro;Ileso;22;Feminino;1;0;0;0;-18,8844;-46,92464;SPRF-MG;DEL10-MG;UOP01-DEL10-MG
169110;370763;02/11/2018;sexta-feira;08:00:00;MG;365;463,3;PATROCINIO;Avarias e/ou desgaste excessivo no pneu;Colisão com objeto em movimento;Com Vítimas Feridas;Pleno dia;Decrescente;Céu Claro;Simples;Reta;Não;300589;Automóvel;VW/NOVO VOYAGE TL MBV;2017;Passageiro;Lesões Leves;49;Feminino;0;1;0;0;-18,8844;-46,92464;SPRF-MG;DEL10-MG;UOP01-DEL10-MG
169496;371874;04/11/2018;domingo;13:30:00;MG;365;438;PATOS DE MINAS;Velocidade Incompatível;Colisão traseira;Com Vítimas Feridas;Pleno dia;Decrescente;Chuva;Simples;"Aclive;Curva";Não;301264;Motocicleta;HONDA/CB 300R;2009;Condutor;Lesões Leves;20;Masculino;0;1;0;0;-18,78021655;-46,71833038;SPRF-MG;DEL10-MG;UOP01-DEL10-MG
169496;371888;04/11/2018;domingo;13:30:00;MG;365;438;PATOS DE MINAS;Velocidade Incompatível;Colisão traseira;Com Vítimas Feridas;Pleno dia;Decrescente;Chuva;Simples;"Aclive;Curva";Não;301263;Caminhonete;VW/SAVEIRO CL;1994;Condutor;Lesões Graves;39;Masculino;0;0;1;0;-18,78021655;-46,71833038;SPRF-MG;DEL10-MG;UOP01-DEL10-MG
170047;373012;07/11/2018;quarta-feira;08:20:00;MG;365;625,9;UBERLANDIA;Não guardar distância de segurança;Colisão traseira;Com Vítimas Feridas;Pleno dia;Decrescente;Nublado;Dupla;Reta;Sim;302207;Automóvel;CHEVROLET/ONIX 1.0MT LT;2018;Condutor;Ileso;36;Feminino;1;0;0;0;-18,91018406;-48,30714226;SPRF-MG;DEL15-MG;UOP01-DEL15-MG
170047;373014;07/11/2018;quarta-feira;08:20:00;MG;365;625,9;UBERLANDIA;Não guardar distância de segurança;Colisão traseira;Com Vítimas Feridas;Pleno dia;Decrescente;Nublado;Dupla;Reta;Sim;302208;Automóvel;FIAT/UNO ELECTRONIC;1994;Condutor;Ileso;50;Masculino;1;0;0;0;-18,91018406;-48,30714226;SPRF-MG;DEL15-MG;UOP01-DEL15-MG
170047;373016;07/11/2018;quarta-feira;08:20:00;MG;365;625,9;UBERLANDIA;Não guardar distância de segurança;Colisão traseira;Com Vítimas Feridas;Pleno dia;Decrescente;Nublado;Dupla;Reta;Sim;302209;Automóvel;I/VW SPACEFOX TL MBV;2017;Condutor;Ileso;61;Masculino;1;0;0;0;-18,91018406;-48,30714226;SPRF-MG;DEL15-MG;UOP01-DEL15-MG
170047;373017;07/11/2018;quarta-feira;08:20:00;MG;365;625,9;UBERLANDIA;Não guardar distância de segurança;Colisão traseira;Com Vítimas Feridas;Pleno dia;Decrescente;Nublado;Dupla;Reta;Sim;302210;Motocicleta;HONDA/CG 125 FAN KS;2009;Condutor;Lesões Leves;42;Masculino;0;1;0;0;-18,91018406;-48,30714226;SPRF-MG;DEL15-MG;UOP01-DEL15-MG
170170;376920;07/11/2018;quarta-feira;21:15:00;MG;365;626;UBERLANDIA;Ingestão de Álcool;Colisão com objeto estático;Com Vítimas Feridas;Plena Noite;Crescente;Chuva;Dupla;Reta;Sim;302490;Automóvel;VW/PARATI S;1985;Condutor;Lesões Leves;37;Masculino;0;1;0;0;-18,90781914;-48,31416428;SPRF-MG;DEL15-MG;UOP01-DEL15-MG
170238;376934;08/11/2018;quinta-feira;09:00:00;MG;365;538,3;ROMARIA;Velocidade Incompatível;Saída de leito carroçável;Com Vítimas Feridas;Pleno dia;Crescente;Chuva;Simples;Curva;Não;302680;Automóvel;I/FIAT PALIO ATTRACT 1.0;2013;Passageiro;Ileso;29;Masculino;1;0;0;0;-18,931;-47,55717;SPRF-MG;DEL10-MG;UOP01-DEL10-MG
170238;375554;08/11/2018;quinta-feira;09:00:00;MG;365;538,3;ROMARIA;Velocidade Incompatível;Saída de leito carroçável;Com Vítimas Feridas;Pleno dia;Crescente;Chuva;Simples;Curva;Não;302680;Automóvel;I/FIAT PALIO ATTRACT 1.0;2013;Passageiro;Ileso;26;Feminino;1;0;0;0;-18,931;-47,55717;SPRF-MG;DEL10-MG;UOP01-DEL10-MG
170238;375559;08/11/2018;quinta-feira;09:00:00;MG;365;538,3;ROMARIA;Velocidade Incompatível;Saída de leito carroçável;Com Vítimas Feridas;Pleno dia;Crescente;Chuva;Simples;Curva;Não;302680;Automóvel;I/FIAT PALIO ATTRACT 1.0;2013;Passageiro;Ileso;4;Masculino;1;0;0;0;-18,931;-47,55717;SPRF-MG;DEL10-MG;UOP01-DEL10-MG
170238;375552;08/11/2018;quinta-feira;09:00:00;MG;365;538,3;ROMARIA;Velocidade Incompatível;Saída de leito carroçável;Com Vítimas Feridas;Pleno dia;Crescente;Chuva;Simples;Curva;Não;302680;Automóvel;I/FIAT PALIO ATTRACT 1.0;2013;Passageiro;Lesões Leves;31;Masculino;0;1;0;0;-18,931;-47,55717;SPRF-MG;DEL10-MG;UOP01-DEL10-MG
170238;375543;08/11/2018;quinta-feira;09:00:00;MG;365;538,3;ROMARIA;Velocidade Incompatível;Saída de leito carroçável;Com Vítimas Feridas;Pleno dia;Crescente;Chuva;Simples;Curva;Não;302680;Automóvel;I/FIAT PALIO ATTRACT 1.0;2013;Condutor;Lesões Leves;29;Feminino;0;1;0;0;-18,931;-47,55717;SPRF-MG;DEL10-MG;UOP01-DEL10-MG
170284;373571;08/11/2018;quinta-feira;12:00:00;MG;365;621;UBERLANDIA;Falta de Atenção à Condução;Colisão traseira;Sem Vítimas;Pleno dia;Crescente;Chuva;Dupla;Reta;Sim;302644;Automóvel;CHEV/PRISMA 1.0MT LT;2013;Condutor;Ileso;54;Masculino;1;0;0;0;-18,8974;-48,2715;SPRF-MG;DEL15-MG;UOP01-DEL15-MG
170284;373574;08/11/2018;quinta-feira;12:00:00;MG;365;621;UBERLANDIA;Falta de Atenção à Condução;Colisão traseira;Sem Vítimas;Pleno dia;Crescente;Chuva;Dupla;Reta;Sim;302645;Ônibus;MARCOPOLO/VOLARE W9 ON;2008;Condutor;Ileso;39;Masculino;1;0;0;0;-18,8974;-48,2715;SPRF-MG;DEL15-MG;UOP01-DEL15-MG
170442;374005;09/11/2018;sexta-feira;07:40:00;MG;365;645,6;UBERLANDIA;Avarias e/ou desgaste excessivo no pneu;Saída de leito carroçável;Com Vítimas Feridas;Pleno dia;Decrescente;Chuva;Dupla;"Aclive;Reta";Não;303008;Automóvel;VW/CROSSFOX;2009;Condutor;Lesões Leves;28;Feminino;0;1;0;0;-18,8857;-48,4645;SPRF-MG;DEL15-MG;UOP01-DEL15-MG
170635;374950;09/11/2018;sexta-feira;18:40:00;MG;365;729,6;MONTE ALEGRE DE MINAS;Pista Escorregadia;Saída de leito carroçável;Com Vítimas Feridas;Plena Noite;Crescente;Chuva;Simples;Curva;Não;303885;Automóvel;VW/NOVO GOL 1.6;2013;Condutor;Lesões Graves;24;Masculino;0;0;1;0;-18,89699965;-49,25093651;SPRF-MG;DEL15-MG;UOP03-DEL15-MG
171085;375220;11/11/2018;domingo;19:28:00;MG;365;628,9;UBERLANDIA;Velocidade Incompatível;Colisão com objeto estático;Com Vítimas Feridas;Plena Noite;Crescente;Céu Claro;Dupla;Curva;Sim;304091;Motocicleta;YAMAHA/XJ6 N;2010;Condutor;Lesões Graves;26;Masculino;0;0;1;0;-18,9063677;-48,33568096;SPRF-MG;DEL15-MG;UOP01-DEL15-MG
171085;375241;11/11/2018;domingo;19:28:00;MG;365;628,9;UBERLANDIA;Velocidade Incompatível;Colisão com objeto estático;Com Vítimas Feridas;Plena Noite;Crescente;Céu Claro;Dupla;Curva;Sim;0;NA;NA/NA;0;Testemunha;Não Informado;0;Não Informado;0;0;0;0;-18,9063677;-48,33568096;SPRF-MG;DEL15-MG;UOP01-DEL15-MG
171368;377445;13/11/2018;terça-feira;16:10:00;MG;365;623;UBERLANDIA;Falta de Atenção à Condução;Tombamento;Com Vítimas Feridas;Pleno dia;Crescente;Nublado;Dupla;Interseção de Vias;Sim;305915;Motocicleta;HONDA/NXR150 BROS KS;2006;Condutor;Lesões Leves;47;Masculino;0;1;0;0;-18,88549798;-48,26611519;SPRF-MG;DEL15-MG;UOP01-DEL15-MG
171526;376422;14/11/2018;quarta-feira;13:20:00;MG;365;610;UBERLANDIA;Avarias e/ou desgaste excessivo no pneu;Capotamento;Com Vítimas Feridas;Pleno dia;Decrescente;Chuva;Simples;Reta;Não;305109;Automóvel;CHEVROLET/CELTA 1.0L LS;2011;Condutor;Lesões Leves;23;Feminino;0;1;0;0;-18,8974;-48,2715;SPRF-MG;DEL15-MG;UOP01-DEL15-MG
171526;376424;14/11/2018;quarta-feira;13:20:00;MG;365;610;UBERLANDIA;Avarias e/ou desgaste excessivo no pneu;Capotamento;Com Vítimas Feridas;Pleno dia;Decrescente;Chuva;Simples;Reta;Não;305109;Automóvel;CHEVROLET/CELTA 1.0L LS;2011;Passageiro;Lesões Leves;26;Masculino;0;1;0;0;-18,8974;-48,2715;SPRF-MG;DEL15-MG;UOP01-DEL15-MG
171557;376421;14/11/2018;quarta-feira;16:15:00;MG;365;581;INDIANOPOLIS;Falta de Atenção à Condução;Colisão transversal;Com Vítimas Feridas;Pleno dia;Crescente;Nublado;Simples;Interseção de Vias;Não;305007;Caminhonete;VW/NOVA SAVEIRO RB MBVS;2018;Condutor;Lesões Leves;25;Masculino;0;1;0;0;-18,87721433;-47,94570923;SPRF-MG;DEL15-MG;UOP02-DEL15-MG
171759;376817;15/11/2018;quinta-feira;12:45:00;MG;365;612,9;UBERLANDIA;Desobediência às normas de trânsito pelo condutor;Colisão transversal;Com Vítimas Feridas;Pleno dia;Crescente;Céu Claro;Simples;Reta;Sim;305258;Motocicleta;HONDA/CG 150 TITAN ESD;2004;Condutor;Lesões Graves;52;Masculino;0;0;1;0;-18,918681;-48,209135;SPRF-MG;DEL15-MG;UOP01-DEL15-MG
171759;376820;15/11/2018;quinta-feira;12:45:00;MG;365;612,9;UBERLANDIA;Desobediência às normas de trânsito pelo condutor;Colisão transversal;Com Vítimas Feridas;Pleno dia;Crescente;Céu Claro;Simples;Reta;Sim;305258;Motocicleta;HONDA/CG 150 TITAN ESD;2004;Passageiro;Lesões Graves;20;Feminino;0;0;1;0;-18,918681;-48,209135;SPRF-MG;DEL15-MG;UOP01-DEL15-MG
171832;378603;15/11/2018;quinta-feira;19:50:00;MG;365;481;PATROCINIO;Animais na Pista;Capotamento;Com Vítimas Feridas;Plena Noite;Decrescente;Chuva;Simples;Curva;Não;306749;Camioneta;I/KIA SOUL EX 1.6 FF AT;2011;Condutor;Ileso;35;Masculino;1;0;0;0;-18,9;-47,058;SPRF-MG;DEL10-MG;UOP01-DEL10-MG
171832;378605;15/11/2018;quinta-feira;19:50:00;MG;365;481;PATROCINIO;Animais na Pista;Capotamento;Com Vítimas Feridas;Plena Noite;Decrescente;Chuva;Simples;Curva;Não;306749;Camioneta;I/KIA SOUL EX 1.6 FF AT;2011;Passageiro;Ileso;34;Feminino;1;0;0;0;-18,9;-47,058;SPRF-MG;DEL10-MG;UOP01-DEL10-MG
171832;378608;15/11/2018;quinta-feira;19:50:00;MG;365;481;PATROCINIO;Animais na Pista;Capotamento;Com Vítimas Feridas;Plena Noite;Decrescente;Chuva;Simples;Curva;Não;306749;Camioneta;I/KIA SOUL EX 1.6 FF AT;2011;Passageiro;Lesões Leves;63;Feminino;0;1;0;0;-18,9;-47,058;SPRF-MG;DEL10-MG;UOP01-DEL10-MG
171937;377252;16/11/2018;sexta-feira;08:30:00;MG;365;624,4;UBERLANDIA;Condutor Dormindo;Saída de leito carroçável;Com Vítimas Feridas;Pleno dia;Crescente;Céu Claro;Dupla;Reta;Sim;305778;Automóvel;GM/KADETT LITE;1994;Condutor;Lesões Graves;41;Masculino;0;0;1;0;-18,90464219;-48,29085588;SPRF-MG;DEL15-MG;UOP01-DEL15-MG
172391;378164;18/11/2018;domingo;13:40:00;MG;365;675;MONTE ALEGRE DE MINAS;Pista Escorregadia;Capotamento;Com Vítimas Feridas;Pleno dia;Crescente;Chuva;Dupla;Reta;Não;306422;Caminhonete;I/TOYOTA HILUX CD4X4 SRV;2011;Condutor;Lesões Leves;57;Masculino;0;1;0;0;-18,884;-48,7362;SPRF-MG;DEL15-MG;UOP01-DEL15-MG
172391;378169;18/11/2018;domingo;13:40:00;MG;365;675;MONTE ALEGRE DE MINAS;Pista Escorregadia;Capotamento;Com Vítimas Feridas;Pleno dia;Crescente;Chuva;Dupla;Reta;Não;306435;Caminhonete;GM/S10 2.8 D;2004;Condutor;Ileso;55;Masculino;1;0;0;0;-18,884;-48,7362;SPRF-MG;DEL15-MG;UOP01-DEL15-MG
172575;378630;19/11/2018;segunda-feira;06:20:00;MG;365;602,2;UBERLANDIA;Desobediência às normas de trânsito pelo condutor;Colisão frontal;Com Vítimas Fatais;Amanhecer;Crescente;Nevoeiro/Neblina;Simples;"Reta;Aclive";Não;306751;Automóvel;VW/GOLF 1.6 TECH;2008;Condutor;Lesões Leves;34;Masculino;0;1;0;0;-18,88444224;-48,10810089;SPRF-MG;DEL15-MG;UOP01-DEL15-MG
172575;378596;19/11/2018;segunda-feira;06:20:00;MG;365;602,2;UBERLANDIA;Desobediência às normas de trânsito pelo condutor;Colisão frontal;Com Vítimas Fatais;Amanhecer;Crescente;Nevoeiro/Neblina;Simples;"Reta;Aclive";Não;306750;Motocicleta;HONDA/CG 150 TITAN KS;2004;Condutor;Óbito;42;Masculino;0;0;0;1;-18,88444224;-48,10810089;SPRF-MG;DEL15-MG;UOP01-DEL15-MG
172686;378997;19/11/2018;segunda-feira;17:50:00;MG;365;619,8;UBERLANDIA;Falta de Atenção à Condução;Colisão lateral;Com Vítimas Feridas;Anoitecer;Decrescente;Nublado;Dupla;Reta;Sim;307035;Motocicleta;HONDA/CG 125 FAN ES;2010;Condutor;Lesões Graves;27;Masculino;0;0;1;0;-18,88530845;-48,26470401;SPRF-MG;DEL15-MG;UOP01-DEL15-MG
172686;378999;19/11/2018;segunda-feira;17:50:00;MG;365;619,8;UBERLANDIA;Falta de Atenção à Condução;Colisão lateral;Com Vítimas Feridas;Anoitecer;Decrescente;Nublado;Dupla;Reta;Sim;307036;Automóvel;FIAT/UNO MILLE FIRE FLEX;2008;Condutor;Ileso;35;Masculino;1;0;0;0;-18,88530845;-48,26470401;SPRF-MG;DEL15-MG;UOP01-DEL15-MG
172970;381647;21/11/2018;quarta-feira;08:40:00;MG;365;614;UBERLANDIA;Animais na Pista;Tombamento;Com Vítimas Feridas;Pleno dia;Decrescente;Nublado;Simples;Reta;Não;307527;Motocicleta;HONDA/CG 160 FAN;2018;Condutor;Lesões Leves;19;Feminino;0;1;0;0;-18,91482;-48,21562;SPRF-MG;DEL15-MG;UOP01-DEL15-MG
173065;379733;27/09/2018;quinta-feira;01:00:00;MG;365;504;PATROCINIO;Animais na Pista;Saída de leito carroçável;Com Vítimas Feridas;Plena Noite;Decrescente;Céu Claro;Simples;Reta;Não;307659;Caminhonete;I/FORD RANGER XL CD4 22;2013;Condutor;Lesões Graves;40;Masculino;0;0;1;0;-18,9564465;-47,2555518;SPRF-MG;DEL10-MG;UOP01-DEL10-MG
173902;381819;25/11/2018;domingo;15:30:00;MG;365;616;UBERLANDIA;Falta de Atenção à Condução;Colisão traseira;Com Vítimas Feridas;Pleno dia;Crescente;Nublado;Dupla;Reta;Sim;309439;Motocicleta;HONDA/CG 125 FAN;2008;Condutor;Lesões Leves;30;Masculino;0;1;0;0;-18,90191686;-48,23587596;SPRF-MG;DEL15-MG;UOP01-DEL15-MG
173902;381821;25/11/2018;domingo;15:30:00;MG;365;616;UBERLANDIA;Falta de Atenção à Condução;Colisão traseira;Com Vítimas Feridas;Pleno dia;Crescente;Nublado;Dupla;Reta;Sim;309439;Motocicleta;HONDA/CG 125 FAN;2008;Passageiro;Lesões Leves;32;Feminino;0;1;0;0;-18,90191686;-48,23587596;SPRF-MG;DEL15-MG;UOP01-DEL15-MG
173902;381822;25/11/2018;domingo;15:30:00;MG;365;616;UBERLANDIA;Falta de Atenção à Condução;Colisão traseira;Com Vítimas Feridas;Pleno dia;Crescente;Nublado;Dupla;Reta;Sim;309441;Caminhonete;FORD/PAMPA GL;1988;Condutor;Ileso;33;Masculino;1;0;0;0;-18,90191686;-48,23587596;SPRF-MG;DEL15-MG;UOP01-DEL15-MG
174399;385165;27/11/2018;terça-feira;15:00:00;MG;365;661;MONTE ALEGRE DE MINAS;Defeito Mecânico no Veículo;Saída de leito carroçável;Com Vítimas Feridas;Pleno dia;Decrescente;Sol;Dupla;Reta;Não;311935;Automóvel;FIAT/PALIO FIRE ECONOMY;2009;Condutor;Lesões Leves;32;Masculino;0;1;0;0;-18,881;-48,6067;SPRF-MG;DEL15-MG;UOP01-DEL15-MG
174608;384052;28/11/2018;quarta-feira;18:25:00;MG;365;620;UBERLANDIA;Não guardar distância de segurança;Colisão traseira;Sem Vítimas;Pleno dia;Crescente;Sol;Dupla;Curva;Sim;311013;Automóvel;HYUNDAI/HB20 1.6A COMF;2015;Condutor;Ileso;53;Feminino;1;0;0;0;-18,89042912;-48,27040765;SPRF-MG;DEL15-MG;UOP01-DEL15-MG
174608;384053;28/11/2018;quarta-feira;18:25:00;MG;365;620;UBERLANDIA;Não guardar distância de segurança;Colisão traseira;Sem Vítimas;Pleno dia;Crescente;Sol;Dupla;Curva;Sim;311013;Automóvel;HYUNDAI/HB20 1.6A COMF;2015;Passageiro;Ileso;25;Feminino;1;0;0;0;-18,89042912;-48,27040765;SPRF-MG;DEL15-MG;UOP01-DEL15-MG
175032;384872;30/11/2018;sexta-feira;15:30:00;MG;365;600;UBERLANDIA;Pista Escorregadia;Saída de leito carroçável;Com Vítimas Feridas;Pleno dia;Decrescente;Chuva;Simples;Reta;Não;311681;Automóvel;CITROEN/C3 EXCL 14 FLEX;2011;Condutor;Ileso;34;Feminino;1;0;0;0;-18,87742118;-48,09220746;SPRF-MG;DEL15-MG;UOP01-DEL15-MG
175032;384873;30/11/2018;sexta-feira;15:30:00;MG;365;600;UBERLANDIA;Pista Escorregadia;Saída de leito carroçável;Com Vítimas Feridas;Pleno dia;Decrescente;Chuva;Simples;Reta;Não;311681;Automóvel;CITROEN/C3 EXCL 14 FLEX;2011;Passageiro;Ileso;35;Masculino;1;0;0;0;-18,87742118;-48,09220746;SPRF-MG;DEL15-MG;UOP01-DEL15-MG
175032;384875;30/11/2018;sexta-feira;15:30:00;MG;365;600;UBERLANDIA;Pista Escorregadia;Saída de leito carroçável;Com Vítimas Feridas;Pleno dia;Decrescente;Chuva;Simples;Reta;Não;311681;Automóvel;CITROEN/C3 EXCL 14 FLEX;2011;Passageiro;Lesões Graves;61;Feminino;0;0;1;0;-18,87742118;-48,09220746;SPRF-MG;DEL15-MG;UOP01-DEL15-MG
175386;385585;01/12/2018;sábado;22:55:00;MG;365;434;PATOS DE MINAS;Fenômenos da Natureza;Colisão com objeto em movimento;Com Vítimas Feridas;Plena Noite;Crescente;Chuva;Simples;Reta;Não;312327;Caminhonete;CHEVROLET/S10 LTZ FD2;2013;Condutor;Lesões Leves;50;Masculino;0;1;0;0;-18,77;-46,68;SPRF-MG;DEL10-MG;UOP01-DEL10-MG
175386;385586;01/12/2018;sábado;22:55:00;MG;365;434;PATOS DE MINAS;Fenômenos da Natureza;Colisão com objeto em movimento;Com Vítimas Feridas;Plena Noite;Crescente;Chuva;Simples;Reta;Não;312328;Automóvel;CHEVROLET/ONIX 1.0MT LT;2013;Condutor;Lesões Leves;46;Masculino;0;1;0;0;-18,77;-46,68;SPRF-MG;DEL10-MG;UOP01-DEL10-MG
175420;385727;02/12/2018;domingo;11:10:00;MG;365;451,7;PATROCINIO;Desobediência às normas de trânsito pelo condutor;Colisão lateral;Com Vítimas Feridas;Pleno dia;Crescente;Chuva;Simples;Reta;Não;312425;Motoneta;BRAMONT/GARINI GR125 Z;2007;Condutor;Lesões Leves;44;Masculino;0;1;0;0;-18,832;-46,822;SPRF-MG;DEL10-MG;UOP01-DEL10-MG
175423;385662;02/12/2018;domingo;08:40:00;MG;365;642,8;UBERLANDIA;Pista Escorregadia;Saída de leito carroçável;Com Vítimas Feridas;Pleno dia;Decrescente;Chuva;Dupla;Reta;Não;312386;Automóvel;HONDA/CIVIC EXL CVT;2018;Condutor;Lesões Leves;36;Masculino;0;1;0;0;-18,8901;-48,4364;SPRF-MG;DEL15-MG;UOP01-DEL15-MG
175862;390476;04/12/2018;terça-feira;17:35:00;MG;365;592,9;UBERLANDIA;Velocidade Incompatível;Engavetamento;Com Vítimas Fatais;Pleno dia;Crescente;Céu Claro;Simples;Curva;Não;313371;Caminhonete;VW/SAVEIRO 1.6 CE;2011;Condutor;Lesões Leves;43;Masculino;0;1;0;0;-18,88145265;-48,05597484;SPRF-MG;DEL15-MG;UOP02-DEL15-MG
175862;386908;04/12/2018;terça-feira;17:35:00;MG;365;592,9;UBERLANDIA;Velocidade Incompatível;Engavetamento;Com Vítimas Fatais;Pleno dia;Crescente;Céu Claro;Simples;Curva;Não;313369;Automóvel;HYUNDAI/HB20 1.0M COMFOR;2016;Condutor;Óbito;59;Masculino;0;0;0;1;-18,88145265;-48,05597484;SPRF-MG;DEL15-MG;UOP02-DEL15-MG
175862;386909;04/12/2018;terça-feira;17:35:00;MG;365;592,9;UBERLANDIA;Velocidade Incompatível;Engavetamento;Com Vítimas Fatais;Pleno dia;Crescente;Céu Claro;Simples;Curva;Não;313369;Automóvel;HYUNDAI/HB20 1.0M COMFOR;2016;Passageiro;Óbito;42;Feminino;0;0;0;1;-18,88145265;-48,05597484;SPRF-MG;DEL15-MG;UOP02-DEL15-MG
176659;388524;08/12/2018;sábado;15:40:00;MG;365;615;UBERLANDIA;Agressão Externa;Colisão lateral;Com Vítimas Feridas;Pleno dia;Crescente;Céu Claro;Dupla;Reta;Sim;314774;Automóvel;FIAT/PALIO ELX;2001;Condutor;Ileso;39;Masculino;1;0;0;0;-18,8974;-48,2715;SPRF-MG;DEL15-MG;UOP01-DEL15-MG
176659;388527;08/12/2018;sábado;15:40:00;MG;365;615;UBERLANDIA;Agressão Externa;Colisão lateral;Com Vítimas Feridas;Pleno dia;Crescente;Céu Claro;Dupla;Reta;Sim;314775;Motocicleta;HONDA/CG 125 FAN KS;2010;Condutor;Lesões Leves;23;Masculino;0;1;0;0;-18,8974;-48,2715;SPRF-MG;DEL15-MG;UOP01-DEL15-MG
176659;388529;08/12/2018;sábado;15:40:00;MG;365;615;UBERLANDIA;Agressão Externa;Colisão lateral;Com Vítimas Feridas;Pleno dia;Crescente;Céu Claro;Dupla;Reta;Sim;314775;Motocicleta;HONDA/CG 125 FAN KS;2010;Passageiro;Lesões Leves;21;Masculino;0;1;0;0;-18,8974;-48,2715;SPRF-MG;DEL15-MG;UOP01-DEL15-MG
176659;388526;08/12/2018;sábado;15:40:00;MG;365;615;UBERLANDIA;Agressão Externa;Colisão lateral;Com Vítimas Feridas;Pleno dia;Crescente;Céu Claro;Dupla;Reta;Sim;314776;Motocicleta;HONDA/CG 160 START;2018;Condutor;Lesões Leves;0;Masculino;0;1;0;0;-18,8974;-48,2715;SPRF-MG;DEL15-MG;UOP01-DEL15-MG
176842;390495;09/12/2018;domingo;07:00:00;MG;365;567;INDIANOPOLIS;Desobediência às normas de trânsito pelo condutor;Colisão frontal;Com Vítimas Feridas;Pleno dia;Decrescente;Céu Claro;Simples;Reta;Não;316392;Automóvel;GM/KADETT SL;1990;Condutor;Lesões Graves;35;Masculino;0;0;1;0;-18,9168574;-47,83945084;SPRF-MG;DEL15-MG;UOP02-DEL15-MG